ID,Site,Longitude,Latitude,Elevation (ft),Date,tmean_C
1,C05,-105.4131,40.0717,2519,5/24/2021,8.6
1,C05,-105.4131,40.0717,2519,5/25/2021,8.6
1,C05,-105.4131,40.0717,2519,5/26/2021,10.7
1,C05,-105.4131,40.0717,2519,5/27/2021,11.6
1,C05,-105.4131,40.0717,2519,5/28/2021,9.7
1,C05,-105.4131,40.0717,2519,5/29/2021,12.9
1,C05,-105.4131,40.0717,2519,5/30/2021,11.7
1,C05,-105.4131,40.0717,2519,5/31/2021,5.9
1,C05,-105.4131,40.0717,2519,6/1/2021,5.5
1,C05,-105.4131,40.0717,2519,6/2/2021,8.4
1,C05,-105.4131,40.0717,2519,6/3/2021,10.9
1,C05,-105.4131,40.0717,2519,6/4/2021,14
1,C05,-105.4131,40.0717,2519,6/5/2021,16.3
1,C05,-105.4131,40.0717,2519,6/6/2021,18.7
1,C05,-105.4131,40.0717,2519,6/7/2021,16.7
1,C05,-105.4131,40.0717,2519,6/8/2021,17.2
1,C05,-105.4131,40.0717,2519,6/9/2021,17
1,C05,-105.4131,40.0717,2519,6/10/2021,16.9
1,C05,-105.4131,40.0717,2519,6/11/2021,19.2
1,C05,-105.4131,40.0717,2519,6/12/2021,13.1
1,C05,-105.4131,40.0717,2519,6/13/2021,16.9
1,C05,-105.4131,40.0717,2519,6/14/2021,19
1,C05,-105.4131,40.0717,2519,6/15/2021,20.3
1,C05,-105.4131,40.0717,2519,6/16/2021,22.7
1,C05,-105.4131,40.0717,2519,6/17/2021,21.9
1,C05,-105.4131,40.0717,2519,6/18/2021,22.4
1,C05,-105.4131,40.0717,2519,6/19/2021,18.8
1,C05,-105.4131,40.0717,2519,6/20/2021,18.3
1,C05,-105.4131,40.0717,2519,6/21/2021,14.8
1,C05,-105.4131,40.0717,2519,6/22/2021,11
1,C05,-105.4131,40.0717,2519,6/23/2021,19.5
1,C05,-105.4131,40.0717,2519,6/24/2021,19
1,C05,-105.4131,40.0717,2519,6/25/2021,15.3
1,C05,-105.4131,40.0717,2519,6/26/2021,13.1
1,C05,-105.4131,40.0717,2519,6/27/2021,10.4
1,C05,-105.4131,40.0717,2519,6/28/2021,10.3
1,C05,-105.4131,40.0717,2519,6/29/2021,10.7
1,C05,-105.4131,40.0717,2519,6/30/2021,11.3
1,C05,-105.4131,40.0717,2519,7/1/2021,13.7
2,C101,-105.3202,40.0579,2000,5/24/2021,12.8
2,C101,-105.3202,40.0579,2000,5/25/2021,13.2
2,C101,-105.3202,40.0579,2000,5/26/2021,15.5
2,C101,-105.3202,40.0579,2000,5/27/2021,15.3
2,C101,-105.3202,40.0579,2000,5/28/2021,12.2
2,C101,-105.3202,40.0579,2000,5/29/2021,17
2,C101,-105.3202,40.0579,2000,5/30/2021,15.1
2,C101,-105.3202,40.0579,2000,5/31/2021,8.5
2,C101,-105.3202,40.0579,2000,6/1/2021,9.1
2,C101,-105.3202,40.0579,2000,6/2/2021,12.1
2,C101,-105.3202,40.0579,2000,6/3/2021,15.4
2,C101,-105.3202,40.0579,2000,6/4/2021,18.7
2,C101,-105.3202,40.0579,2000,6/5/2021,21.3
2,C101,-105.3202,40.0579,2000,6/6/2021,24.5
2,C101,-105.3202,40.0579,2000,6/7/2021,21
2,C101,-105.3202,40.0579,2000,6/8/2021,21.5
2,C101,-105.3202,40.0579,2000,6/9/2021,21.4
2,C101,-105.3202,40.0579,2000,6/10/2021,21.5
2,C101,-105.3202,40.0579,2000,6/11/2021,22.8
2,C101,-105.3202,40.0579,2000,6/12/2021,17.3
2,C101,-105.3202,40.0579,2000,6/13/2021,20.6
2,C101,-105.3202,40.0579,2000,6/14/2021,23.7
2,C101,-105.3202,40.0579,2000,6/15/2021,24.8
2,C101,-105.3202,40.0579,2000,6/16/2021,27
2,C101,-105.3202,40.0579,2000,6/17/2021,27
2,C101,-105.3202,40.0579,2000,6/18/2021,27.4
2,C101,-105.3202,40.0579,2000,6/19/2021,23.1
2,C101,-105.3202,40.0579,2000,6/20/2021,22.7
2,C101,-105.3202,40.0579,2000,6/21/2021,16.4
2,C101,-105.3202,40.0579,2000,6/22/2021,14.3
2,C101,-105.3202,40.0579,2000,6/23/2021,23.7
2,C101,-105.3202,40.0579,2000,6/24/2021,23.6
2,C101,-105.3202,40.0579,2000,6/25/2021,19.5
2,C101,-105.3202,40.0579,2000,6/26/2021,16.6
2,C101,-105.3202,40.0579,2000,6/27/2021,14
2,C101,-105.3202,40.0579,2000,6/28/2021,14.4
2,C101,-105.3202,40.0579,2000,6/29/2021,15
2,C101,-105.3202,40.0579,2000,6/30/2021,15.9
2,C101,-105.3202,40.0579,2000,7/1/2021,18.4
3,C104,-105.3251,39.953,2213,5/24/2021,11.4
3,C104,-105.3251,39.953,2213,5/25/2021,11.4
3,C104,-105.3251,39.953,2213,5/26/2021,13.6
3,C104,-105.3251,39.953,2213,5/27/2021,14.8
3,C104,-105.3251,39.953,2213,5/28/2021,11.5
3,C104,-105.3251,39.953,2213,5/29/2021,15.7
3,C104,-105.3251,39.953,2213,5/30/2021,13.7
3,C104,-105.3251,39.953,2213,5/31/2021,7.1
3,C104,-105.3251,39.953,2213,6/1/2021,8
3,C104,-105.3251,39.953,2213,6/2/2021,10.8
3,C104,-105.3251,39.953,2213,6/3/2021,12.8
3,C104,-105.3251,39.953,2213,6/4/2021,16.6
3,C104,-105.3251,39.953,2213,6/5/2021,19.4
3,C104,-105.3251,39.953,2213,6/6/2021,21.9
3,C104,-105.3251,39.953,2213,6/7/2021,19
3,C104,-105.3251,39.953,2213,6/8/2021,19.9
3,C104,-105.3251,39.953,2213,6/9/2021,19
3,C104,-105.3251,39.953,2213,6/10/2021,19.2
3,C104,-105.3251,39.953,2213,6/11/2021,20.8
3,C104,-105.3251,39.953,2213,6/12/2021,15
3,C104,-105.3251,39.953,2213,6/13/2021,18.4
3,C104,-105.3251,39.953,2213,6/14/2021,21.2
3,C104,-105.3251,39.953,2213,6/15/2021,22.4
3,C104,-105.3251,39.953,2213,6/16/2021,25.9
3,C104,-105.3251,39.953,2213,6/17/2021,23.5
3,C104,-105.3251,39.953,2213,6/18/2021,25.1
3,C104,-105.3251,39.953,2213,6/19/2021,21
3,C104,-105.3251,39.953,2213,6/20/2021,20.8
3,C104,-105.3251,39.953,2213,6/21/2021,15.8
3,C104,-105.3251,39.953,2213,6/22/2021,12.4
3,C104,-105.3251,39.953,2213,6/23/2021,20.7
3,C104,-105.3251,39.953,2213,6/24/2021,21
3,C104,-105.3251,39.953,2213,6/25/2021,17.8
3,C104,-105.3251,39.953,2213,6/26/2021,15.8
3,C104,-105.3251,39.953,2213,6/27/2021,12.9
3,C104,-105.3251,39.953,2213,6/28/2021,13.1
3,C104,-105.3251,39.953,2213,6/29/2021,13.9
3,C104,-105.3251,39.953,2213,6/30/2021,14.3
3,C104,-105.3251,39.953,2213,7/1/2021,16.5
4,C105,-105.3513,40.0349,2000,5/24/2021,12.8
4,C105,-105.3513,40.0349,2000,5/25/2021,13.2
4,C105,-105.3513,40.0349,2000,5/26/2021,15.5
4,C105,-105.3513,40.0349,2000,5/27/2021,15.3
4,C105,-105.3513,40.0349,2000,5/28/2021,12.2
4,C105,-105.3513,40.0349,2000,5/29/2021,17
4,C105,-105.3513,40.0349,2000,5/30/2021,15.1
4,C105,-105.3513,40.0349,2000,5/31/2021,8.5
4,C105,-105.3513,40.0349,2000,6/1/2021,9.1
4,C105,-105.3513,40.0349,2000,6/2/2021,12.1
4,C105,-105.3513,40.0349,2000,6/3/2021,15.4
4,C105,-105.3513,40.0349,2000,6/4/2021,18.7
4,C105,-105.3513,40.0349,2000,6/5/2021,21.3
4,C105,-105.3513,40.0349,2000,6/6/2021,24.5
4,C105,-105.3513,40.0349,2000,6/7/2021,21
4,C105,-105.3513,40.0349,2000,6/8/2021,21.5
4,C105,-105.3513,40.0349,2000,6/9/2021,21.4
4,C105,-105.3513,40.0349,2000,6/10/2021,21.5
4,C105,-105.3513,40.0349,2000,6/11/2021,22.8
4,C105,-105.3513,40.0349,2000,6/12/2021,17.3
4,C105,-105.3513,40.0349,2000,6/13/2021,20.6
4,C105,-105.3513,40.0349,2000,6/14/2021,23.7
4,C105,-105.3513,40.0349,2000,6/15/2021,24.8
4,C105,-105.3513,40.0349,2000,6/16/2021,27
4,C105,-105.3513,40.0349,2000,6/17/2021,27
4,C105,-105.3513,40.0349,2000,6/18/2021,27.4
4,C105,-105.3513,40.0349,2000,6/19/2021,23.1
4,C105,-105.3513,40.0349,2000,6/20/2021,22.7
4,C105,-105.3513,40.0349,2000,6/21/2021,16.4
4,C105,-105.3513,40.0349,2000,6/22/2021,14.3
4,C105,-105.3513,40.0349,2000,6/23/2021,23.7
4,C105,-105.3513,40.0349,2000,6/24/2021,23.6
4,C105,-105.3513,40.0349,2000,6/25/2021,19.5
4,C105,-105.3513,40.0349,2000,6/26/2021,16.6
4,C105,-105.3513,40.0349,2000,6/27/2021,14
4,C105,-105.3513,40.0349,2000,6/28/2021,14.4
4,C105,-105.3513,40.0349,2000,6/29/2021,15
4,C105,-105.3513,40.0349,2000,6/30/2021,15.9
4,C105,-105.3513,40.0349,2000,7/1/2021,18.4
5,C107,-105.3387,40.1089,2165,5/24/2021,11.3
5,C107,-105.3387,40.1089,2165,5/25/2021,11.6
5,C107,-105.3387,40.1089,2165,5/26/2021,13.7
5,C107,-105.3387,40.1089,2165,5/27/2021,14.4
5,C107,-105.3387,40.1089,2165,5/28/2021,11.9
5,C107,-105.3387,40.1089,2165,5/29/2021,15.6
5,C107,-105.3387,40.1089,2165,5/30/2021,14
5,C107,-105.3387,40.1089,2165,5/31/2021,7.6
5,C107,-105.3387,40.1089,2165,6/1/2021,7.9
5,C107,-105.3387,40.1089,2165,6/2/2021,10.9
5,C107,-105.3387,40.1089,2165,6/3/2021,13.6
5,C107,-105.3387,40.1089,2165,6/4/2021,17
5,C107,-105.3387,40.1089,2165,6/5/2021,19.5
5,C107,-105.3387,40.1089,2165,6/6/2021,21.9
5,C107,-105.3387,40.1089,2165,6/7/2021,19.3
5,C107,-105.3387,40.1089,2165,6/8/2021,19.9
5,C107,-105.3387,40.1089,2165,6/9/2021,19.8
5,C107,-105.3387,40.1089,2165,6/10/2021,19.6
5,C107,-105.3387,40.1089,2165,6/11/2021,21.1
5,C107,-105.3387,40.1089,2165,6/12/2021,15.6
5,C107,-105.3387,40.1089,2165,6/13/2021,19.1
5,C107,-105.3387,40.1089,2165,6/14/2021,21.9
5,C107,-105.3387,40.1089,2165,6/15/2021,23.2
5,C107,-105.3387,40.1089,2165,6/16/2021,25.8
5,C107,-105.3387,40.1089,2165,6/17/2021,24.7
5,C107,-105.3387,40.1089,2165,6/18/2021,25.4
5,C107,-105.3387,40.1089,2165,6/19/2021,21.3
5,C107,-105.3387,40.1089,2165,6/20/2021,20.9
5,C107,-105.3387,40.1089,2165,6/21/2021,16.4
5,C107,-105.3387,40.1089,2165,6/22/2021,13.2
5,C107,-105.3387,40.1089,2165,6/23/2021,21.6
5,C107,-105.3387,40.1089,2165,6/24/2021,21.8
5,C107,-105.3387,40.1089,2165,6/25/2021,18
5,C107,-105.3387,40.1089,2165,6/26/2021,15.6
5,C107,-105.3387,40.1089,2165,6/27/2021,13
5,C107,-105.3387,40.1089,2165,6/28/2021,13.1
5,C107,-105.3387,40.1089,2165,6/29/2021,13.6
5,C107,-105.3387,40.1089,2165,6/30/2021,14.5
5,C107,-105.3387,40.1089,2165,7/1/2021,16.9
6,C108,-105.3134,40.0352,2000,5/24/2021,12.8
6,C108,-105.3134,40.0352,2000,5/25/2021,13.2
6,C108,-105.3134,40.0352,2000,5/26/2021,15.5
6,C108,-105.3134,40.0352,2000,5/27/2021,15.3
6,C108,-105.3134,40.0352,2000,5/28/2021,12.2
6,C108,-105.3134,40.0352,2000,5/29/2021,17
6,C108,-105.3134,40.0352,2000,5/30/2021,15.1
6,C108,-105.3134,40.0352,2000,5/31/2021,8.5
6,C108,-105.3134,40.0352,2000,6/1/2021,9.1
6,C108,-105.3134,40.0352,2000,6/2/2021,12.1
6,C108,-105.3134,40.0352,2000,6/3/2021,15.4
6,C108,-105.3134,40.0352,2000,6/4/2021,18.7
6,C108,-105.3134,40.0352,2000,6/5/2021,21.3
6,C108,-105.3134,40.0352,2000,6/6/2021,24.5
6,C108,-105.3134,40.0352,2000,6/7/2021,21
6,C108,-105.3134,40.0352,2000,6/8/2021,21.5
6,C108,-105.3134,40.0352,2000,6/9/2021,21.4
6,C108,-105.3134,40.0352,2000,6/10/2021,21.5
6,C108,-105.3134,40.0352,2000,6/11/2021,22.8
6,C108,-105.3134,40.0352,2000,6/12/2021,17.3
6,C108,-105.3134,40.0352,2000,6/13/2021,20.6
6,C108,-105.3134,40.0352,2000,6/14/2021,23.7
6,C108,-105.3134,40.0352,2000,6/15/2021,24.8
6,C108,-105.3134,40.0352,2000,6/16/2021,27
6,C108,-105.3134,40.0352,2000,6/17/2021,27
6,C108,-105.3134,40.0352,2000,6/18/2021,27.4
6,C108,-105.3134,40.0352,2000,6/19/2021,23.1
6,C108,-105.3134,40.0352,2000,6/20/2021,22.7
6,C108,-105.3134,40.0352,2000,6/21/2021,16.4
6,C108,-105.3134,40.0352,2000,6/22/2021,14.3
6,C108,-105.3134,40.0352,2000,6/23/2021,23.7
6,C108,-105.3134,40.0352,2000,6/24/2021,23.6
6,C108,-105.3134,40.0352,2000,6/25/2021,19.5
6,C108,-105.3134,40.0352,2000,6/26/2021,16.6
6,C108,-105.3134,40.0352,2000,6/27/2021,14
6,C108,-105.3134,40.0352,2000,6/28/2021,14.4
6,C108,-105.3134,40.0352,2000,6/29/2021,15
6,C108,-105.3134,40.0352,2000,6/30/2021,15.9
6,C108,-105.3134,40.0352,2000,7/1/2021,18.4
7,C11,-105.3091,39.9709,2143,5/24/2021,11.8
7,C11,-105.3091,39.9709,2143,5/25/2021,12
7,C11,-105.3091,39.9709,2143,5/26/2021,14.1
7,C11,-105.3091,39.9709,2143,5/27/2021,14.9
7,C11,-105.3091,39.9709,2143,5/28/2021,12.1
7,C11,-105.3091,39.9709,2143,5/29/2021,16.1
7,C11,-105.3091,39.9709,2143,5/30/2021,14
7,C11,-105.3091,39.9709,2143,5/31/2021,7.7
7,C11,-105.3091,39.9709,2143,6/1/2021,8.3
7,C11,-105.3091,39.9709,2143,6/2/2021,11.4
7,C11,-105.3091,39.9709,2143,6/3/2021,13.7
7,C11,-105.3091,39.9709,2143,6/4/2021,17.3
7,C11,-105.3091,39.9709,2143,6/5/2021,20
7,C11,-105.3091,39.9709,2143,6/6/2021,22.5
7,C11,-105.3091,39.9709,2143,6/7/2021,19.7
7,C11,-105.3091,39.9709,2143,6/8/2021,20.5
7,C11,-105.3091,39.9709,2143,6/9/2021,19.9
7,C11,-105.3091,39.9709,2143,6/10/2021,20.1
7,C11,-105.3091,39.9709,2143,6/11/2021,21.5
7,C11,-105.3091,39.9709,2143,6/12/2021,15.8
7,C11,-105.3091,39.9709,2143,6/13/2021,19.2
7,C11,-105.3091,39.9709,2143,6/14/2021,22.1
7,C11,-105.3091,39.9709,2143,6/15/2021,23.4
7,C11,-105.3091,39.9709,2143,6/16/2021,26.2
7,C11,-105.3091,39.9709,2143,6/17/2021,24.6
7,C11,-105.3091,39.9709,2143,6/18/2021,25.9
7,C11,-105.3091,39.9709,2143,6/19/2021,21.8
7,C11,-105.3091,39.9709,2143,6/20/2021,21.4
7,C11,-105.3091,39.9709,2143,6/21/2021,16.2
7,C11,-105.3091,39.9709,2143,6/22/2021,13
7,C11,-105.3091,39.9709,2143,6/23/2021,21.5
7,C11,-105.3091,39.9709,2143,6/24/2021,22
7,C11,-105.3091,39.9709,2143,6/25/2021,18.4
7,C11,-105.3091,39.9709,2143,6/26/2021,16.1
7,C11,-105.3091,39.9709,2143,6/27/2021,13.4
7,C11,-105.3091,39.9709,2143,6/28/2021,13.6
7,C11,-105.3091,39.9709,2143,6/29/2021,14.3
7,C11,-105.3091,39.9709,2143,6/30/2021,14.9
7,C11,-105.3091,39.9709,2143,7/1/2021,17.2
8,C97,-105.3155,39.9592,2213,5/24/2021,11.4
8,C97,-105.3155,39.9592,2213,5/25/2021,11.4
8,C97,-105.3155,39.9592,2213,5/26/2021,13.6
8,C97,-105.3155,39.9592,2213,5/27/2021,14.8
8,C97,-105.3155,39.9592,2213,5/28/2021,11.5
8,C97,-105.3155,39.9592,2213,5/29/2021,15.7
8,C97,-105.3155,39.9592,2213,5/30/2021,13.7
8,C97,-105.3155,39.9592,2213,5/31/2021,7.1
8,C97,-105.3155,39.9592,2213,6/1/2021,8
8,C97,-105.3155,39.9592,2213,6/2/2021,10.8
8,C97,-105.3155,39.9592,2213,6/3/2021,12.8
8,C97,-105.3155,39.9592,2213,6/4/2021,16.6
8,C97,-105.3155,39.9592,2213,6/5/2021,19.4
8,C97,-105.3155,39.9592,2213,6/6/2021,21.9
8,C97,-105.3155,39.9592,2213,6/7/2021,19
8,C97,-105.3155,39.9592,2213,6/8/2021,19.9
8,C97,-105.3155,39.9592,2213,6/9/2021,19
8,C97,-105.3155,39.9592,2213,6/10/2021,19.2
8,C97,-105.3155,39.9592,2213,6/11/2021,20.8
8,C97,-105.3155,39.9592,2213,6/12/2021,15
8,C97,-105.3155,39.9592,2213,6/13/2021,18.4
8,C97,-105.3155,39.9592,2213,6/14/2021,21.2
8,C97,-105.3155,39.9592,2213,6/15/2021,22.4
8,C97,-105.3155,39.9592,2213,6/16/2021,25.9
8,C97,-105.3155,39.9592,2213,6/17/2021,23.5
8,C97,-105.3155,39.9592,2213,6/18/2021,25.1
8,C97,-105.3155,39.9592,2213,6/19/2021,21
8,C97,-105.3155,39.9592,2213,6/20/2021,20.8
8,C97,-105.3155,39.9592,2213,6/21/2021,15.8
8,C97,-105.3155,39.9592,2213,6/22/2021,12.4
8,C97,-105.3155,39.9592,2213,6/23/2021,20.7
8,C97,-105.3155,39.9592,2213,6/24/2021,21
8,C97,-105.3155,39.9592,2213,6/25/2021,17.8
8,C97,-105.3155,39.9592,2213,6/26/2021,15.8
8,C97,-105.3155,39.9592,2213,6/27/2021,12.9
8,C97,-105.3155,39.9592,2213,6/28/2021,13.1
8,C97,-105.3155,39.9592,2213,6/29/2021,13.9
8,C97,-105.3155,39.9592,2213,6/30/2021,14.3
8,C97,-105.3155,39.9592,2213,7/1/2021,16.5
9,H05,-105.4107,40.0589,2399,5/24/2021,9.7
9,H05,-105.4107,40.0589,2399,5/25/2021,9.7
9,H05,-105.4107,40.0589,2399,5/26/2021,11.9
9,H05,-105.4107,40.0589,2399,5/27/2021,12.6
9,H05,-105.4107,40.0589,2399,5/28/2021,10.2
9,H05,-105.4107,40.0589,2399,5/29/2021,13.9
9,H05,-105.4107,40.0589,2399,5/30/2021,12.5
9,H05,-105.4107,40.0589,2399,5/31/2021,6.5
9,H05,-105.4107,40.0589,2399,6/1/2021,6.4
9,H05,-105.4107,40.0589,2399,6/2/2021,9.3
9,H05,-105.4107,40.0589,2399,6/3/2021,12
9,H05,-105.4107,40.0589,2399,6/4/2021,15.1
9,H05,-105.4107,40.0589,2399,6/5/2021,17.6
9,H05,-105.4107,40.0589,2399,6/6/2021,20.3
9,H05,-105.4107,40.0589,2399,6/7/2021,17.8
9,H05,-105.4107,40.0589,2399,6/8/2021,18.3
9,H05,-105.4107,40.0589,2399,6/9/2021,18.1
9,H05,-105.4107,40.0589,2399,6/10/2021,18.1
9,H05,-105.4107,40.0589,2399,6/11/2021,20.3
9,H05,-105.4107,40.0589,2399,6/12/2021,14.2
9,H05,-105.4107,40.0589,2399,6/13/2021,17.7
9,H05,-105.4107,40.0589,2399,6/14/2021,20.2
9,H05,-105.4107,40.0589,2399,6/15/2021,21.4
9,H05,-105.4107,40.0589,2399,6/16/2021,23.7
9,H05,-105.4107,40.0589,2399,6/17/2021,23.2
9,H05,-105.4107,40.0589,2399,6/18/2021,23.8
9,H05,-105.4107,40.0589,2399,6/19/2021,19.9
9,H05,-105.4107,40.0589,2399,6/20/2021,19.4
9,H05,-105.4107,40.0589,2399,6/21/2021,15.1
9,H05,-105.4107,40.0589,2399,6/22/2021,11.7
9,H05,-105.4107,40.0589,2399,6/23/2021,20.7
9,H05,-105.4107,40.0589,2399,6/24/2021,20.1
9,H05,-105.4107,40.0589,2399,6/25/2021,16.3
9,H05,-105.4107,40.0589,2399,6/26/2021,14
9,H05,-105.4107,40.0589,2399,6/27/2021,11.1
9,H05,-105.4107,40.0589,2399,6/28/2021,11.3
9,H05,-105.4107,40.0589,2399,6/29/2021,11.8
9,H05,-105.4107,40.0589,2399,6/30/2021,12.4
9,H05,-105.4107,40.0589,2399,7/1/2021,14.8
10,H06,-105.4077,40.0491,2399,5/24/2021,9.7
10,H06,-105.4077,40.0491,2399,5/25/2021,9.7
10,H06,-105.4077,40.0491,2399,5/26/2021,11.9
10,H06,-105.4077,40.0491,2399,5/27/2021,12.6
10,H06,-105.4077,40.0491,2399,5/28/2021,10.2
10,H06,-105.4077,40.0491,2399,5/29/2021,13.9
10,H06,-105.4077,40.0491,2399,5/30/2021,12.5
10,H06,-105.4077,40.0491,2399,5/31/2021,6.5
10,H06,-105.4077,40.0491,2399,6/1/2021,6.4
10,H06,-105.4077,40.0491,2399,6/2/2021,9.3
10,H06,-105.4077,40.0491,2399,6/3/2021,12
10,H06,-105.4077,40.0491,2399,6/4/2021,15.1
10,H06,-105.4077,40.0491,2399,6/5/2021,17.6
10,H06,-105.4077,40.0491,2399,6/6/2021,20.3
10,H06,-105.4077,40.0491,2399,6/7/2021,17.8
10,H06,-105.4077,40.0491,2399,6/8/2021,18.3
10,H06,-105.4077,40.0491,2399,6/9/2021,18.1
10,H06,-105.4077,40.0491,2399,6/10/2021,18.1
10,H06,-105.4077,40.0491,2399,6/11/2021,20.3
10,H06,-105.4077,40.0491,2399,6/12/2021,14.2
10,H06,-105.4077,40.0491,2399,6/13/2021,17.7
10,H06,-105.4077,40.0491,2399,6/14/2021,20.2
10,H06,-105.4077,40.0491,2399,6/15/2021,21.4
10,H06,-105.4077,40.0491,2399,6/16/2021,23.7
10,H06,-105.4077,40.0491,2399,6/17/2021,23.2
10,H06,-105.4077,40.0491,2399,6/18/2021,23.8
10,H06,-105.4077,40.0491,2399,6/19/2021,19.9
10,H06,-105.4077,40.0491,2399,6/20/2021,19.4
10,H06,-105.4077,40.0491,2399,6/21/2021,15.1
10,H06,-105.4077,40.0491,2399,6/22/2021,11.7
10,H06,-105.4077,40.0491,2399,6/23/2021,20.7
10,H06,-105.4077,40.0491,2399,6/24/2021,20.1
10,H06,-105.4077,40.0491,2399,6/25/2021,16.3
10,H06,-105.4077,40.0491,2399,6/26/2021,14
10,H06,-105.4077,40.0491,2399,6/27/2021,11.1
10,H06,-105.4077,40.0491,2399,6/28/2021,11.3
10,H06,-105.4077,40.0491,2399,6/29/2021,11.8
10,H06,-105.4077,40.0491,2399,6/30/2021,12.4
10,H06,-105.4077,40.0491,2399,7/1/2021,14.8
11,H09,-105.4028,40.0313,2399,5/24/2021,9.7
11,H09,-105.4028,40.0313,2399,5/25/2021,9.7
11,H09,-105.4028,40.0313,2399,5/26/2021,11.9
11,H09,-105.4028,40.0313,2399,5/27/2021,12.6
11,H09,-105.4028,40.0313,2399,5/28/2021,10.2
11,H09,-105.4028,40.0313,2399,5/29/2021,13.9
11,H09,-105.4028,40.0313,2399,5/30/2021,12.5
11,H09,-105.4028,40.0313,2399,5/31/2021,6.5
11,H09,-105.4028,40.0313,2399,6/1/2021,6.4
11,H09,-105.4028,40.0313,2399,6/2/2021,9.3
11,H09,-105.4028,40.0313,2399,6/3/2021,12
11,H09,-105.4028,40.0313,2399,6/4/2021,15.1
11,H09,-105.4028,40.0313,2399,6/5/2021,17.6
11,H09,-105.4028,40.0313,2399,6/6/2021,20.3
11,H09,-105.4028,40.0313,2399,6/7/2021,17.8
11,H09,-105.4028,40.0313,2399,6/8/2021,18.3
11,H09,-105.4028,40.0313,2399,6/9/2021,18.1
11,H09,-105.4028,40.0313,2399,6/10/2021,18.1
11,H09,-105.4028,40.0313,2399,6/11/2021,20.3
11,H09,-105.4028,40.0313,2399,6/12/2021,14.2
11,H09,-105.4028,40.0313,2399,6/13/2021,17.7
11,H09,-105.4028,40.0313,2399,6/14/2021,20.2
11,H09,-105.4028,40.0313,2399,6/15/2021,21.4
11,H09,-105.4028,40.0313,2399,6/16/2021,23.7
11,H09,-105.4028,40.0313,2399,6/17/2021,23.2
11,H09,-105.4028,40.0313,2399,6/18/2021,23.8
11,H09,-105.4028,40.0313,2399,6/19/2021,19.9
11,H09,-105.4028,40.0313,2399,6/20/2021,19.4
11,H09,-105.4028,40.0313,2399,6/21/2021,15.1
11,H09,-105.4028,40.0313,2399,6/22/2021,11.7
11,H09,-105.4028,40.0313,2399,6/23/2021,20.7
11,H09,-105.4028,40.0313,2399,6/24/2021,20.1
11,H09,-105.4028,40.0313,2399,6/25/2021,16.3
11,H09,-105.4028,40.0313,2399,6/26/2021,14
11,H09,-105.4028,40.0313,2399,6/27/2021,11.1
11,H09,-105.4028,40.0313,2399,6/28/2021,11.3
11,H09,-105.4028,40.0313,2399,6/29/2021,11.8
11,H09,-105.4028,40.0313,2399,6/30/2021,12.4
11,H09,-105.4028,40.0313,2399,7/1/2021,14.8
12,H101,-105.3283,40.1097,2165,5/24/2021,11.3
12,H101,-105.3283,40.1097,2165,5/25/2021,11.6
12,H101,-105.3283,40.1097,2165,5/26/2021,13.7
12,H101,-105.3283,40.1097,2165,5/27/2021,14.4
12,H101,-105.3283,40.1097,2165,5/28/2021,11.9
12,H101,-105.3283,40.1097,2165,5/29/2021,15.6
12,H101,-105.3283,40.1097,2165,5/30/2021,14
12,H101,-105.3283,40.1097,2165,5/31/2021,7.6
12,H101,-105.3283,40.1097,2165,6/1/2021,7.9
12,H101,-105.3283,40.1097,2165,6/2/2021,10.9
12,H101,-105.3283,40.1097,2165,6/3/2021,13.6
12,H101,-105.3283,40.1097,2165,6/4/2021,17
12,H101,-105.3283,40.1097,2165,6/5/2021,19.5
12,H101,-105.3283,40.1097,2165,6/6/2021,21.9
12,H101,-105.3283,40.1097,2165,6/7/2021,19.3
12,H101,-105.3283,40.1097,2165,6/8/2021,19.9
12,H101,-105.3283,40.1097,2165,6/9/2021,19.8
12,H101,-105.3283,40.1097,2165,6/10/2021,19.6
12,H101,-105.3283,40.1097,2165,6/11/2021,21.1
12,H101,-105.3283,40.1097,2165,6/12/2021,15.6
12,H101,-105.3283,40.1097,2165,6/13/2021,19.1
12,H101,-105.3283,40.1097,2165,6/14/2021,21.9
12,H101,-105.3283,40.1097,2165,6/15/2021,23.2
12,H101,-105.3283,40.1097,2165,6/16/2021,25.8
12,H101,-105.3283,40.1097,2165,6/17/2021,24.7
12,H101,-105.3283,40.1097,2165,6/18/2021,25.4
12,H101,-105.3283,40.1097,2165,6/19/2021,21.3
12,H101,-105.3283,40.1097,2165,6/20/2021,20.9
12,H101,-105.3283,40.1097,2165,6/21/2021,16.4
12,H101,-105.3283,40.1097,2165,6/22/2021,13.2
12,H101,-105.3283,40.1097,2165,6/23/2021,21.6
12,H101,-105.3283,40.1097,2165,6/24/2021,21.8
12,H101,-105.3283,40.1097,2165,6/25/2021,18
12,H101,-105.3283,40.1097,2165,6/26/2021,15.6
12,H101,-105.3283,40.1097,2165,6/27/2021,13
12,H101,-105.3283,40.1097,2165,6/28/2021,13.1
12,H101,-105.3283,40.1097,2165,6/29/2021,13.6
12,H101,-105.3283,40.1097,2165,6/30/2021,14.5
12,H101,-105.3283,40.1097,2165,7/1/2021,16.9
13,H103,-105.3806,40.0652,2307,5/24/2021,10.4
13,H103,-105.3806,40.0652,2307,5/25/2021,10.5
13,H103,-105.3806,40.0652,2307,5/26/2021,12.7
13,H103,-105.3806,40.0652,2307,5/27/2021,13.4
13,H103,-105.3806,40.0652,2307,5/28/2021,11
13,H103,-105.3806,40.0652,2307,5/29/2021,14.7
13,H103,-105.3806,40.0652,2307,5/30/2021,13.1
13,H103,-105.3806,40.0652,2307,5/31/2021,6.8
13,H103,-105.3806,40.0652,2307,6/1/2021,7
13,H103,-105.3806,40.0652,2307,6/2/2021,10
13,H103,-105.3806,40.0652,2307,6/3/2021,12.5
13,H103,-105.3806,40.0652,2307,6/4/2021,15.9
13,H103,-105.3806,40.0652,2307,6/5/2021,18.5
13,H103,-105.3806,40.0652,2307,6/6/2021,21
13,H103,-105.3806,40.0652,2307,6/7/2021,18.4
13,H103,-105.3806,40.0652,2307,6/8/2021,19.1
13,H103,-105.3806,40.0652,2307,6/9/2021,18.6
13,H103,-105.3806,40.0652,2307,6/10/2021,18.8
13,H103,-105.3806,40.0652,2307,6/11/2021,20.6
13,H103,-105.3806,40.0652,2307,6/12/2021,14.8
13,H103,-105.3806,40.0652,2307,6/13/2021,18.2
13,H103,-105.3806,40.0652,2307,6/14/2021,20.9
13,H103,-105.3806,40.0652,2307,6/15/2021,22.2
13,H103,-105.3806,40.0652,2307,6/16/2021,24.7
13,H103,-105.3806,40.0652,2307,6/17/2021,23.5
13,H103,-105.3806,40.0652,2307,6/18/2021,24.5
13,H103,-105.3806,40.0652,2307,6/19/2021,20.6
13,H103,-105.3806,40.0652,2307,6/20/2021,20.1
13,H103,-105.3806,40.0652,2307,6/21/2021,15.5
13,H103,-105.3806,40.0652,2307,6/22/2021,12.2
13,H103,-105.3806,40.0652,2307,6/23/2021,20.7
13,H103,-105.3806,40.0652,2307,6/24/2021,20.7
13,H103,-105.3806,40.0652,2307,6/25/2021,17
13,H103,-105.3806,40.0652,2307,6/26/2021,14.6
13,H103,-105.3806,40.0652,2307,6/27/2021,11.9
13,H103,-105.3806,40.0652,2307,6/28/2021,12
13,H103,-105.3806,40.0652,2307,6/29/2021,12.6
13,H103,-105.3806,40.0652,2307,6/30/2021,13.2
13,H103,-105.3806,40.0652,2307,7/1/2021,15.7
14,H12,-105.3826,40.0319,2150,5/24/2021,11.7
14,H12,-105.3826,40.0319,2150,5/25/2021,11.9
14,H12,-105.3826,40.0319,2150,5/26/2021,14.2
14,H12,-105.3826,40.0319,2150,5/27/2021,14.3
14,H12,-105.3826,40.0319,2150,5/28/2021,11.3
14,H12,-105.3826,40.0319,2150,5/29/2021,16
14,H12,-105.3826,40.0319,2150,5/30/2021,14.2
14,H12,-105.3826,40.0319,2150,5/31/2021,7.8
14,H12,-105.3826,40.0319,2150,6/1/2021,8.1
14,H12,-105.3826,40.0319,2150,6/2/2021,11.1
14,H12,-105.3826,40.0319,2150,6/3/2021,14.2
14,H12,-105.3826,40.0319,2150,6/4/2021,17.4
14,H12,-105.3826,40.0319,2150,6/5/2021,20.1
14,H12,-105.3826,40.0319,2150,6/6/2021,23.3
14,H12,-105.3826,40.0319,2150,6/7/2021,19.9
14,H12,-105.3826,40.0319,2150,6/8/2021,20.4
14,H12,-105.3826,40.0319,2150,6/9/2021,20.3
14,H12,-105.3826,40.0319,2150,6/10/2021,20.2
14,H12,-105.3826,40.0319,2150,6/11/2021,21.9
14,H12,-105.3826,40.0319,2150,6/12/2021,16.2
14,H12,-105.3826,40.0319,2150,6/13/2021,19.7
14,H12,-105.3826,40.0319,2150,6/14/2021,22.5
14,H12,-105.3826,40.0319,2150,6/15/2021,23.6
14,H12,-105.3826,40.0319,2150,6/16/2021,25.9
14,H12,-105.3826,40.0319,2150,6/17/2021,25.8
14,H12,-105.3826,40.0319,2150,6/18/2021,26.3
14,H12,-105.3826,40.0319,2150,6/19/2021,22
14,H12,-105.3826,40.0319,2150,6/20/2021,21.5
14,H12,-105.3826,40.0319,2150,6/21/2021,15.8
14,H12,-105.3826,40.0319,2150,6/22/2021,13.3
14,H12,-105.3826,40.0319,2150,6/23/2021,22.8
14,H12,-105.3826,40.0319,2150,6/24/2021,22.3
14,H12,-105.3826,40.0319,2150,6/25/2021,18.3
14,H12,-105.3826,40.0319,2150,6/26/2021,15.6
14,H12,-105.3826,40.0319,2150,6/27/2021,12.9
14,H12,-105.3826,40.0319,2150,6/28/2021,13.2
14,H12,-105.3826,40.0319,2150,6/29/2021,13.8
14,H12,-105.3826,40.0319,2150,6/30/2021,14.6
14,H12,-105.3826,40.0319,2150,7/1/2021,17.1
15,H13,-105.3053,40.0162,1847,5/24/2021,13.7
15,H13,-105.3053,40.0162,1847,5/25/2021,14
15,H13,-105.3053,40.0162,1847,5/26/2021,16.2
15,H13,-105.3053,40.0162,1847,5/27/2021,16.5
15,H13,-105.3053,40.0162,1847,5/28/2021,13.7
15,H13,-105.3053,40.0162,1847,5/29/2021,17.5
15,H13,-105.3053,40.0162,1847,5/30/2021,15.4
15,H13,-105.3053,40.0162,1847,5/31/2021,9.3
15,H13,-105.3053,40.0162,1847,6/1/2021,9.9
15,H13,-105.3053,40.0162,1847,6/2/2021,13.1
15,H13,-105.3053,40.0162,1847,6/3/2021,15.9
15,H13,-105.3053,40.0162,1847,6/4/2021,19.3
15,H13,-105.3053,40.0162,1847,6/5/2021,21.8
15,H13,-105.3053,40.0162,1847,6/6/2021,24.2
15,H13,-105.3053,40.0162,1847,6/7/2021,21.3
15,H13,-105.3053,40.0162,1847,6/8/2021,21.7
15,H13,-105.3053,40.0162,1847,6/9/2021,22.2
15,H13,-105.3053,40.0162,1847,6/10/2021,22.1
15,H13,-105.3053,40.0162,1847,6/11/2021,23
15,H13,-105.3053,40.0162,1847,6/12/2021,17.7
15,H13,-105.3053,40.0162,1847,6/13/2021,20.9
15,H13,-105.3053,40.0162,1847,6/14/2021,24
15,H13,-105.3053,40.0162,1847,6/15/2021,25.5
15,H13,-105.3053,40.0162,1847,6/16/2021,27.1
15,H13,-105.3053,40.0162,1847,6/17/2021,27
15,H13,-105.3053,40.0162,1847,6/18/2021,27.6
15,H13,-105.3053,40.0162,1847,6/19/2021,23.6
15,H13,-105.3053,40.0162,1847,6/20/2021,23.1
15,H13,-105.3053,40.0162,1847,6/21/2021,17.3
15,H13,-105.3053,40.0162,1847,6/22/2021,15.1
15,H13,-105.3053,40.0162,1847,6/23/2021,23.4
15,H13,-105.3053,40.0162,1847,6/24/2021,24.8
15,H13,-105.3053,40.0162,1847,6/25/2021,20.8
15,H13,-105.3053,40.0162,1847,6/26/2021,17.7
15,H13,-105.3053,40.0162,1847,6/27/2021,15.4
15,H13,-105.3053,40.0162,1847,6/28/2021,15.9
15,H13,-105.3053,40.0162,1847,6/29/2021,16.1
15,H13,-105.3053,40.0162,1847,6/30/2021,17
15,H13,-105.3053,40.0162,1847,7/1/2021,19.2
16,H15,-105.3008,39.9622,2143,5/24/2021,11.8
16,H15,-105.3008,39.9622,2143,5/25/2021,12
16,H15,-105.3008,39.9622,2143,5/26/2021,14.1
16,H15,-105.3008,39.9622,2143,5/27/2021,14.9
16,H15,-105.3008,39.9622,2143,5/28/2021,12.1
16,H15,-105.3008,39.9622,2143,5/29/2021,16.1
16,H15,-105.3008,39.9622,2143,5/30/2021,14
16,H15,-105.3008,39.9622,2143,5/31/2021,7.7
16,H15,-105.3008,39.9622,2143,6/1/2021,8.3
16,H15,-105.3008,39.9622,2143,6/2/2021,11.4
16,H15,-105.3008,39.9622,2143,6/3/2021,13.7
16,H15,-105.3008,39.9622,2143,6/4/2021,17.3
16,H15,-105.3008,39.9622,2143,6/5/2021,20
16,H15,-105.3008,39.9622,2143,6/6/2021,22.5
16,H15,-105.3008,39.9622,2143,6/7/2021,19.7
16,H15,-105.3008,39.9622,2143,6/8/2021,20.5
16,H15,-105.3008,39.9622,2143,6/9/2021,19.9
16,H15,-105.3008,39.9622,2143,6/10/2021,20.1
16,H15,-105.3008,39.9622,2143,6/11/2021,21.5
16,H15,-105.3008,39.9622,2143,6/12/2021,15.8
16,H15,-105.3008,39.9622,2143,6/13/2021,19.2
16,H15,-105.3008,39.9622,2143,6/14/2021,22.1
16,H15,-105.3008,39.9622,2143,6/15/2021,23.4
16,H15,-105.3008,39.9622,2143,6/16/2021,26.2
16,H15,-105.3008,39.9622,2143,6/17/2021,24.6
16,H15,-105.3008,39.9622,2143,6/18/2021,25.9
16,H15,-105.3008,39.9622,2143,6/19/2021,21.8
16,H15,-105.3008,39.9622,2143,6/20/2021,21.4
16,H15,-105.3008,39.9622,2143,6/21/2021,16.2
16,H15,-105.3008,39.9622,2143,6/22/2021,13
16,H15,-105.3008,39.9622,2143,6/23/2021,21.5
16,H15,-105.3008,39.9622,2143,6/24/2021,22
16,H15,-105.3008,39.9622,2143,6/25/2021,18.4
16,H15,-105.3008,39.9622,2143,6/26/2021,16.1
16,H15,-105.3008,39.9622,2143,6/27/2021,13.4
16,H15,-105.3008,39.9622,2143,6/28/2021,13.6
16,H15,-105.3008,39.9622,2143,6/29/2021,14.3
16,H15,-105.3008,39.9622,2143,6/30/2021,14.9
16,H15,-105.3008,39.9622,2143,7/1/2021,17.2
17,T08,-105.4011,40.0676,2519,5/24/2021,8.6
17,T08,-105.4011,40.0676,2519,5/25/2021,8.6
17,T08,-105.4011,40.0676,2519,5/26/2021,10.7
17,T08,-105.4011,40.0676,2519,5/27/2021,11.6
17,T08,-105.4011,40.0676,2519,5/28/2021,9.7
17,T08,-105.4011,40.0676,2519,5/29/2021,12.9
17,T08,-105.4011,40.0676,2519,5/30/2021,11.7
17,T08,-105.4011,40.0676,2519,5/31/2021,5.9
17,T08,-105.4011,40.0676,2519,6/1/2021,5.5
17,T08,-105.4011,40.0676,2519,6/2/2021,8.4
17,T08,-105.4011,40.0676,2519,6/3/2021,10.9
17,T08,-105.4011,40.0676,2519,6/4/2021,14
17,T08,-105.4011,40.0676,2519,6/5/2021,16.3
17,T08,-105.4011,40.0676,2519,6/6/2021,18.7
17,T08,-105.4011,40.0676,2519,6/7/2021,16.7
17,T08,-105.4011,40.0676,2519,6/8/2021,17.2
17,T08,-105.4011,40.0676,2519,6/9/2021,17
17,T08,-105.4011,40.0676,2519,6/10/2021,16.9
17,T08,-105.4011,40.0676,2519,6/11/2021,19.2
17,T08,-105.4011,40.0676,2519,6/12/2021,13.1
17,T08,-105.4011,40.0676,2519,6/13/2021,16.9
17,T08,-105.4011,40.0676,2519,6/14/2021,19
17,T08,-105.4011,40.0676,2519,6/15/2021,20.3
17,T08,-105.4011,40.0676,2519,6/16/2021,22.7
17,T08,-105.4011,40.0676,2519,6/17/2021,21.9
17,T08,-105.4011,40.0676,2519,6/18/2021,22.4
17,T08,-105.4011,40.0676,2519,6/19/2021,18.8
17,T08,-105.4011,40.0676,2519,6/20/2021,18.3
17,T08,-105.4011,40.0676,2519,6/21/2021,14.8
17,T08,-105.4011,40.0676,2519,6/22/2021,11
17,T08,-105.4011,40.0676,2519,6/23/2021,19.5
17,T08,-105.4011,40.0676,2519,6/24/2021,19
17,T08,-105.4011,40.0676,2519,6/25/2021,15.3
17,T08,-105.4011,40.0676,2519,6/26/2021,13.1
17,T08,-105.4011,40.0676,2519,6/27/2021,10.4
17,T08,-105.4011,40.0676,2519,6/28/2021,10.3
17,T08,-105.4011,40.0676,2519,6/29/2021,10.7
17,T08,-105.4011,40.0676,2519,6/30/2021,11.3
17,T08,-105.4011,40.0676,2519,7/1/2021,13.7
18,T101,-105.31,40.024,1759,5/24/2021,14.1
18,T101,-105.31,40.024,1759,5/25/2021,14.4
18,T101,-105.31,40.024,1759,5/26/2021,16.6
18,T101,-105.31,40.024,1759,5/27/2021,16.8
18,T101,-105.31,40.024,1759,5/28/2021,14.2
18,T101,-105.31,40.024,1759,5/29/2021,17.7
18,T101,-105.31,40.024,1759,5/30/2021,15.6
18,T101,-105.31,40.024,1759,5/31/2021,9.9
18,T101,-105.31,40.024,1759,6/1/2021,10.4
18,T101,-105.31,40.024,1759,6/2/2021,13.4
18,T101,-105.31,40.024,1759,6/3/2021,16.3
18,T101,-105.31,40.024,1759,6/4/2021,19.6
18,T101,-105.31,40.024,1759,6/5/2021,22.1
18,T101,-105.31,40.024,1759,6/6/2021,24.3
18,T101,-105.31,40.024,1759,6/7/2021,21.6
18,T101,-105.31,40.024,1759,6/8/2021,21.9
18,T101,-105.31,40.024,1759,6/9/2021,22.8
18,T101,-105.31,40.024,1759,6/10/2021,22.5
18,T101,-105.31,40.024,1759,6/11/2021,23.4
18,T101,-105.31,40.024,1759,6/12/2021,18.1
18,T101,-105.31,40.024,1759,6/13/2021,21.2
18,T101,-105.31,40.024,1759,6/14/2021,24.3
18,T101,-105.31,40.024,1759,6/15/2021,26
18,T101,-105.31,40.024,1759,6/16/2021,27.1
18,T101,-105.31,40.024,1759,6/17/2021,27.6
18,T101,-105.31,40.024,1759,6/18/2021,27.9
18,T101,-105.31,40.024,1759,6/19/2021,23.9
18,T101,-105.31,40.024,1759,6/20/2021,23.5
18,T101,-105.31,40.024,1759,6/21/2021,17.6
18,T101,-105.31,40.024,1759,6/22/2021,15.7
18,T101,-105.31,40.024,1759,6/23/2021,23.7
18,T101,-105.31,40.024,1759,6/24/2021,25.6
18,T101,-105.31,40.024,1759,6/25/2021,21.4
18,T101,-105.31,40.024,1759,6/26/2021,18
18,T101,-105.31,40.024,1759,6/27/2021,16
18,T101,-105.31,40.024,1759,6/28/2021,16.4
18,T101,-105.31,40.024,1759,6/29/2021,16.6
18,T101,-105.31,40.024,1759,6/30/2021,17.5
18,T101,-105.31,40.024,1759,7/1/2021,19.6
19,T103,-105.3361,40.0177,2007,5/24/2021,12.8
19,T103,-105.3361,40.0177,2007,5/25/2021,13
19,T103,-105.3361,40.0177,2007,5/26/2021,15.3
19,T103,-105.3361,40.0177,2007,5/27/2021,15.3
19,T103,-105.3361,40.0177,2007,5/28/2021,12.2
19,T103,-105.3361,40.0177,2007,5/29/2021,17
19,T103,-105.3361,40.0177,2007,5/30/2021,14.9
19,T103,-105.3361,40.0177,2007,5/31/2021,8.3
19,T103,-105.3361,40.0177,2007,6/1/2021,9
19,T103,-105.3361,40.0177,2007,6/2/2021,12.1
19,T103,-105.3361,40.0177,2007,6/3/2021,15.2
19,T103,-105.3361,40.0177,2007,6/4/2021,18.5
19,T103,-105.3361,40.0177,2007,6/5/2021,21.2
19,T103,-105.3361,40.0177,2007,6/6/2021,24.3
19,T103,-105.3361,40.0177,2007,6/7/2021,20.8
19,T103,-105.3361,40.0177,2007,6/8/2021,21.3
19,T103,-105.3361,40.0177,2007,6/9/2021,21.2
19,T103,-105.3361,40.0177,2007,6/10/2021,21.3
19,T103,-105.3361,40.0177,2007,6/11/2021,22.6
19,T103,-105.3361,40.0177,2007,6/12/2021,17
19,T103,-105.3361,40.0177,2007,6/13/2021,20.5
19,T103,-105.3361,40.0177,2007,6/14/2021,23.4
19,T103,-105.3361,40.0177,2007,6/15/2021,24.5
19,T103,-105.3361,40.0177,2007,6/16/2021,26.9
19,T103,-105.3361,40.0177,2007,6/17/2021,26.6
19,T103,-105.3361,40.0177,2007,6/18/2021,27.3
19,T103,-105.3361,40.0177,2007,6/19/2021,23
19,T103,-105.3361,40.0177,2007,6/20/2021,22.5
19,T103,-105.3361,40.0177,2007,6/21/2021,16.3
19,T103,-105.3361,40.0177,2007,6/22/2021,14.1
19,T103,-105.3361,40.0177,2007,6/23/2021,23.4
19,T103,-105.3361,40.0177,2007,6/24/2021,23.4
19,T103,-105.3361,40.0177,2007,6/25/2021,19.4
19,T103,-105.3361,40.0177,2007,6/26/2021,16.6
19,T103,-105.3361,40.0177,2007,6/27/2021,14
19,T103,-105.3361,40.0177,2007,6/28/2021,14.4
19,T103,-105.3361,40.0177,2007,6/29/2021,14.9
19,T103,-105.3361,40.0177,2007,6/30/2021,15.8
19,T103,-105.3361,40.0177,2007,7/1/2021,18.1
20,T106,-105.3628,40.0186,2143,5/24/2021,11.8
20,T106,-105.3628,40.0186,2143,5/25/2021,11.9
20,T106,-105.3628,40.0186,2143,5/26/2021,14.2
20,T106,-105.3628,40.0186,2143,5/27/2021,14.3
20,T106,-105.3628,40.0186,2143,5/28/2021,11.3
20,T106,-105.3628,40.0186,2143,5/29/2021,16
20,T106,-105.3628,40.0186,2143,5/30/2021,14.1
20,T106,-105.3628,40.0186,2143,5/31/2021,7.7
20,T106,-105.3628,40.0186,2143,6/1/2021,8.1
20,T106,-105.3628,40.0186,2143,6/2/2021,11
20,T106,-105.3628,40.0186,2143,6/3/2021,14.1
20,T106,-105.3628,40.0186,2143,6/4/2021,17.3
20,T106,-105.3628,40.0186,2143,6/5/2021,20
20,T106,-105.3628,40.0186,2143,6/6/2021,23.3
20,T106,-105.3628,40.0186,2143,6/7/2021,19.8
20,T106,-105.3628,40.0186,2143,6/8/2021,20.2
20,T106,-105.3628,40.0186,2143,6/9/2021,20.2
20,T106,-105.3628,40.0186,2143,6/10/2021,20.1
20,T106,-105.3628,40.0186,2143,6/11/2021,21.8
20,T106,-105.3628,40.0186,2143,6/12/2021,16
20,T106,-105.3628,40.0186,2143,6/13/2021,19.6
20,T106,-105.3628,40.0186,2143,6/14/2021,22.3
20,T106,-105.3628,40.0186,2143,6/15/2021,23.4
20,T106,-105.3628,40.0186,2143,6/16/2021,25.7
20,T106,-105.3628,40.0186,2143,6/17/2021,25.6
20,T106,-105.3628,40.0186,2143,6/18/2021,26.2
20,T106,-105.3628,40.0186,2143,6/19/2021,22
20,T106,-105.3628,40.0186,2143,6/20/2021,21.4
20,T106,-105.3628,40.0186,2143,6/21/2021,15.6
20,T106,-105.3628,40.0186,2143,6/22/2021,13.2
20,T106,-105.3628,40.0186,2143,6/23/2021,22.7
20,T106,-105.3628,40.0186,2143,6/24/2021,22.3
20,T106,-105.3628,40.0186,2143,6/25/2021,18.3
20,T106,-105.3628,40.0186,2143,6/26/2021,15.6
20,T106,-105.3628,40.0186,2143,6/27/2021,12.9
20,T106,-105.3628,40.0186,2143,6/28/2021,13.2
20,T106,-105.3628,40.0186,2143,6/29/2021,13.8
20,T106,-105.3628,40.0186,2143,6/30/2021,14.5
20,T106,-105.3628,40.0186,2143,7/1/2021,16.9
21,T13,-105.2752,39.9614,2143,5/24/2021,11.8
21,T13,-105.2752,39.9614,2143,5/25/2021,12
21,T13,-105.2752,39.9614,2143,5/26/2021,14.1
21,T13,-105.2752,39.9614,2143,5/27/2021,14.9
21,T13,-105.2752,39.9614,2143,5/28/2021,12.1
21,T13,-105.2752,39.9614,2143,5/29/2021,16.1
21,T13,-105.2752,39.9614,2143,5/30/2021,14
21,T13,-105.2752,39.9614,2143,5/31/2021,7.7
21,T13,-105.2752,39.9614,2143,6/1/2021,8.3
21,T13,-105.2752,39.9614,2143,6/2/2021,11.4
21,T13,-105.2752,39.9614,2143,6/3/2021,13.7
21,T13,-105.2752,39.9614,2143,6/4/2021,17.3
21,T13,-105.2752,39.9614,2143,6/5/2021,20
21,T13,-105.2752,39.9614,2143,6/6/2021,22.5
21,T13,-105.2752,39.9614,2143,6/7/2021,19.7
21,T13,-105.2752,39.9614,2143,6/8/2021,20.5
21,T13,-105.2752,39.9614,2143,6/9/2021,19.9
21,T13,-105.2752,39.9614,2143,6/10/2021,20.1
21,T13,-105.2752,39.9614,2143,6/11/2021,21.5
21,T13,-105.2752,39.9614,2143,6/12/2021,15.8
21,T13,-105.2752,39.9614,2143,6/13/2021,19.2
21,T13,-105.2752,39.9614,2143,6/14/2021,22.1
21,T13,-105.2752,39.9614,2143,6/15/2021,23.4
21,T13,-105.2752,39.9614,2143,6/16/2021,26.2
21,T13,-105.2752,39.9614,2143,6/17/2021,24.6
21,T13,-105.2752,39.9614,2143,6/18/2021,25.9
21,T13,-105.2752,39.9614,2143,6/19/2021,21.8
21,T13,-105.2752,39.9614,2143,6/20/2021,21.4
21,T13,-105.2752,39.9614,2143,6/21/2021,16.2
21,T13,-105.2752,39.9614,2143,6/22/2021,13
21,T13,-105.2752,39.9614,2143,6/23/2021,21.5
21,T13,-105.2752,39.9614,2143,6/24/2021,22
21,T13,-105.2752,39.9614,2143,6/25/2021,18.4
21,T13,-105.2752,39.9614,2143,6/26/2021,16.1
21,T13,-105.2752,39.9614,2143,6/27/2021,13.4
21,T13,-105.2752,39.9614,2143,6/28/2021,13.6
21,T13,-105.2752,39.9614,2143,6/29/2021,14.3
21,T13,-105.2752,39.9614,2143,6/30/2021,14.9
21,T13,-105.2752,39.9614,2143,7/1/2021,17.2
22,T96,-105.3267,39.965,2213,5/24/2021,11.4
22,T96,-105.3267,39.965,2213,5/25/2021,11.4
22,T96,-105.3267,39.965,2213,5/26/2021,13.6
22,T96,-105.3267,39.965,2213,5/27/2021,14.8
22,T96,-105.3267,39.965,2213,5/28/2021,11.5
22,T96,-105.3267,39.965,2213,5/29/2021,15.7
22,T96,-105.3267,39.965,2213,5/30/2021,13.7
22,T96,-105.3267,39.965,2213,5/31/2021,7.1
22,T96,-105.3267,39.965,2213,6/1/2021,8
22,T96,-105.3267,39.965,2213,6/2/2021,10.8
22,T96,-105.3267,39.965,2213,6/3/2021,12.8
22,T96,-105.3267,39.965,2213,6/4/2021,16.6
22,T96,-105.3267,39.965,2213,6/5/2021,19.4
22,T96,-105.3267,39.965,2213,6/6/2021,21.9
22,T96,-105.3267,39.965,2213,6/7/2021,19
22,T96,-105.3267,39.965,2213,6/8/2021,19.9
22,T96,-105.3267,39.965,2213,6/9/2021,19
22,T96,-105.3267,39.965,2213,6/10/2021,19.2
22,T96,-105.3267,39.965,2213,6/11/2021,20.8
22,T96,-105.3267,39.965,2213,6/12/2021,15
22,T96,-105.3267,39.965,2213,6/13/2021,18.4
22,T96,-105.3267,39.965,2213,6/14/2021,21.2
22,T96,-105.3267,39.965,2213,6/15/2021,22.4
22,T96,-105.3267,39.965,2213,6/16/2021,25.9
22,T96,-105.3267,39.965,2213,6/17/2021,23.5
22,T96,-105.3267,39.965,2213,6/18/2021,25.1
22,T96,-105.3267,39.965,2213,6/19/2021,21
22,T96,-105.3267,39.965,2213,6/20/2021,20.8
22,T96,-105.3267,39.965,2213,6/21/2021,15.8
22,T96,-105.3267,39.965,2213,6/22/2021,12.4
22,T96,-105.3267,39.965,2213,6/23/2021,20.7
22,T96,-105.3267,39.965,2213,6/24/2021,21
22,T96,-105.3267,39.965,2213,6/25/2021,17.8
22,T96,-105.3267,39.965,2213,6/26/2021,15.8
22,T96,-105.3267,39.965,2213,6/27/2021,12.9
22,T96,-105.3267,39.965,2213,6/28/2021,13.1
22,T96,-105.3267,39.965,2213,6/29/2021,13.9
22,T96,-105.3267,39.965,2213,6/30/2021,14.3
22,T96,-105.3267,39.965,2213,7/1/2021,16.5
23,T98,-105.3214,39.9765,2213,5/24/2021,11.4
23,T98,-105.3214,39.9765,2213,5/25/2021,11.4
23,T98,-105.3214,39.9765,2213,5/26/2021,13.6
23,T98,-105.3214,39.9765,2213,5/27/2021,14.8
23,T98,-105.3214,39.9765,2213,5/28/2021,11.5
23,T98,-105.3214,39.9765,2213,5/29/2021,15.7
23,T98,-105.3214,39.9765,2213,5/30/2021,13.7
23,T98,-105.3214,39.9765,2213,5/31/2021,7.1
23,T98,-105.3214,39.9765,2213,6/1/2021,8
23,T98,-105.3214,39.9765,2213,6/2/2021,10.8
23,T98,-105.3214,39.9765,2213,6/3/2021,12.8
23,T98,-105.3214,39.9765,2213,6/4/2021,16.6
23,T98,-105.3214,39.9765,2213,6/5/2021,19.4
23,T98,-105.3214,39.9765,2213,6/6/2021,21.9
23,T98,-105.3214,39.9765,2213,6/7/2021,19
23,T98,-105.3214,39.9765,2213,6/8/2021,19.9
23,T98,-105.3214,39.9765,2213,6/9/2021,19
23,T98,-105.3214,39.9765,2213,6/10/2021,19.2
23,T98,-105.3214,39.9765,2213,6/11/2021,20.8
23,T98,-105.3214,39.9765,2213,6/12/2021,15
23,T98,-105.3214,39.9765,2213,6/13/2021,18.4
23,T98,-105.3214,39.9765,2213,6/14/2021,21.2
23,T98,-105.3214,39.9765,2213,6/15/2021,22.4
23,T98,-105.3214,39.9765,2213,6/16/2021,25.9
23,T98,-105.3214,39.9765,2213,6/17/2021,23.5
23,T98,-105.3214,39.9765,2213,6/18/2021,25.1
23,T98,-105.3214,39.9765,2213,6/19/2021,21
23,T98,-105.3214,39.9765,2213,6/20/2021,20.8
23,T98,-105.3214,39.9765,2213,6/21/2021,15.8
23,T98,-105.3214,39.9765,2213,6/22/2021,12.4
23,T98,-105.3214,39.9765,2213,6/23/2021,20.7
23,T98,-105.3214,39.9765,2213,6/24/2021,21
23,T98,-105.3214,39.9765,2213,6/25/2021,17.8
23,T98,-105.3214,39.9765,2213,6/26/2021,15.8
23,T98,-105.3214,39.9765,2213,6/27/2021,12.9
23,T98,-105.3214,39.9765,2213,6/28/2021,13.1
23,T98,-105.3214,39.9765,2213,6/29/2021,13.9
23,T98,-105.3214,39.9765,2213,6/30/2021,14.3
23,T98,-105.3214,39.9765,2213,7/1/2021,16.5
24,T99,-105.3396,40.0448,2000,5/24/2021,12.8
24,T99,-105.3396,40.0448,2000,5/25/2021,13.2
24,T99,-105.3396,40.0448,2000,5/26/2021,15.5
24,T99,-105.3396,40.0448,2000,5/27/2021,15.3
24,T99,-105.3396,40.0448,2000,5/28/2021,12.2
24,T99,-105.3396,40.0448,2000,5/29/2021,17
24,T99,-105.3396,40.0448,2000,5/30/2021,15.1
24,T99,-105.3396,40.0448,2000,5/31/2021,8.5
24,T99,-105.3396,40.0448,2000,6/1/2021,9.1
24,T99,-105.3396,40.0448,2000,6/2/2021,12.1
24,T99,-105.3396,40.0448,2000,6/3/2021,15.4
24,T99,-105.3396,40.0448,2000,6/4/2021,18.7
24,T99,-105.3396,40.0448,2000,6/5/2021,21.3
24,T99,-105.3396,40.0448,2000,6/6/2021,24.5
24,T99,-105.3396,40.0448,2000,6/7/2021,21
24,T99,-105.3396,40.0448,2000,6/8/2021,21.5
24,T99,-105.3396,40.0448,2000,6/9/2021,21.4
24,T99,-105.3396,40.0448,2000,6/10/2021,21.5
24,T99,-105.3396,40.0448,2000,6/11/2021,22.8
24,T99,-105.3396,40.0448,2000,6/12/2021,17.3
24,T99,-105.3396,40.0448,2000,6/13/2021,20.6
24,T99,-105.3396,40.0448,2000,6/14/2021,23.7
24,T99,-105.3396,40.0448,2000,6/15/2021,24.8
24,T99,-105.3396,40.0448,2000,6/16/2021,27
24,T99,-105.3396,40.0448,2000,6/17/2021,27
24,T99,-105.3396,40.0448,2000,6/18/2021,27.4
24,T99,-105.3396,40.0448,2000,6/19/2021,23.1
24,T99,-105.3396,40.0448,2000,6/20/2021,22.7
24,T99,-105.3396,40.0448,2000,6/21/2021,16.4
24,T99,-105.3396,40.0448,2000,6/22/2021,14.3
24,T99,-105.3396,40.0448,2000,6/23/2021,23.7
24,T99,-105.3396,40.0448,2000,6/24/2021,23.6
24,T99,-105.3396,40.0448,2000,6/25/2021,19.5
24,T99,-105.3396,40.0448,2000,6/26/2021,16.6
24,T99,-105.3396,40.0448,2000,6/27/2021,14
24,T99,-105.3396,40.0448,2000,6/28/2021,14.4
24,T99,-105.3396,40.0448,2000,6/29/2021,15
24,T99,-105.3396,40.0448,2000,6/30/2021,15.9
24,T99,-105.3396,40.0448,2000,7/1/2021,18.4
