ID,Site,BeesReleased,BeesCollected,BoxesCollected,Longitude,Latitude,Elevation_m,Date,FieldDay,tmin_C,tmean_C,tmax_C,DD_added,DD_accumulated,Notes
1,C03,5/12/2020,7/2/2020,7/26/2020,-105.2946,40.1656,1910,5/12/2020,1,0.1,5.7,11.2,6.2,1,
1,C03,5/12/2020,7/2/2020,7/26/2020,-105.2946,40.1656,1910,5/13/2020,2,3.4,10.9,18.3,13.3,14.3,
1,C03,5/12/2020,7/2/2020,7/26/2020,-105.2946,40.1656,1910,5/14/2020,3,7.9,15.7,23.4,18.4,32.7,
1,C03,5/12/2020,7/2/2020,7/26/2020,-105.2946,40.1656,1910,5/15/2020,4,8.7,13.6,18.4,13.4,46.1,
1,C03,5/12/2020,7/2/2020,7/26/2020,-105.2946,40.1656,1910,5/16/2020,5,8.4,12.7,17,12,58.1,
1,C03,5/12/2020,7/2/2020,7/26/2020,-105.2946,40.1656,1910,5/17/2020,6,4.8,12,19.2,14.2,72.3,
1,C03,5/12/2020,7/2/2020,7/26/2020,-105.2946,40.1656,1910,5/18/2020,7,5.9,13.7,21.5,16.5,88.8,
1,C03,5/12/2020,7/2/2020,7/26/2020,-105.2946,40.1656,1910,5/19/2020,8,10,19,28,23,111.8,
1,C03,5/12/2020,7/2/2020,7/26/2020,-105.2946,40.1656,1910,5/20/2020,9,11.9,20.6,29.3,24.3,136.1,
1,C03,5/12/2020,7/2/2020,7/26/2020,-105.2946,40.1656,1910,5/21/2020,10,5.1,16.9,28.7,23.7,159.8,
1,C03,5/12/2020,7/2/2020,7/26/2020,-105.2946,40.1656,1910,5/22/2020,11,6.7,14.3,21.8,16.8,176.6,
1,C03,5/12/2020,7/2/2020,7/26/2020,-105.2946,40.1656,1910,5/23/2020,12,8.7,17.1,25.5,20.5,197.1,
1,C03,5/12/2020,7/2/2020,7/26/2020,-105.2946,40.1656,1910,5/24/2020,13,7.8,15.3,22.9,17.9,215,
1,C03,5/12/2020,7/2/2020,7/26/2020,-105.2946,40.1656,1910,5/25/2020,14,3.9,7.7,11.5,6.5,221.5,
1,C03,5/12/2020,7/2/2020,7/26/2020,-105.2946,40.1656,1910,5/26/2020,15,4.1,9.9,15.7,10.7,232.2,
1,C03,5/12/2020,7/2/2020,7/26/2020,-105.2946,40.1656,1910,5/27/2020,16,7,15,23,18,250.2,
1,C03,5/12/2020,7/2/2020,7/26/2020,-105.2946,40.1656,1910,5/28/2020,17,10.5,17.5,24.5,19.5,269.7,
1,C03,5/12/2020,7/2/2020,7/26/2020,-105.2946,40.1656,1910,5/29/2020,18,10.1,15.6,21,16,285.7,
1,C03,5/12/2020,7/2/2020,7/26/2020,-105.2946,40.1656,1910,5/30/2020,19,11.7,19.7,27.6,22.6,308.3,
1,C03,5/12/2020,7/2/2020,7/26/2020,-105.2946,40.1656,1910,5/31/2020,20,12.2,19.3,26.3,21.3,329.6,
1,C03,5/12/2020,7/2/2020,7/26/2020,-105.2946,40.1656,1910,6/1/2020,21,13.1,20.9,28.7,23.7,353.3,
1,C03,5/12/2020,7/2/2020,7/26/2020,-105.2946,40.1656,1910,6/2/2020,22,16.4,23.6,30.9,25.9,379.2,
1,C03,5/12/2020,7/2/2020,7/26/2020,-105.2946,40.1656,1910,6/3/2020,23,14,21.7,29.3,24.3,403.5,
1,C03,5/12/2020,7/2/2020,7/26/2020,-105.2946,40.1656,1910,6/4/2020,24,14.2,22.2,30.2,25.2,428.7,
1,C03,5/12/2020,7/2/2020,7/26/2020,-105.2946,40.1656,1910,6/5/2020,25,15.6,22.4,29.3,24.3,453,
1,C03,5/12/2020,7/2/2020,7/26/2020,-105.2946,40.1656,1910,6/6/2020,26,16.7,24.6,32.6,27.6,480.6,
1,C03,5/12/2020,7/2/2020,7/26/2020,-105.2946,40.1656,1910,6/7/2020,27,10.7,18.6,26.6,21.6,502.2,
1,C03,5/12/2020,7/2/2020,7/26/2020,-105.2946,40.1656,1910,6/8/2020,28,9.6,19.6,29.6,24.6,526.8,
1,C03,5/12/2020,7/2/2020,7/26/2020,-105.2946,40.1656,1910,6/9/2020,29,4.9,13.4,21.8,16.8,543.6,
1,C03,5/12/2020,7/2/2020,7/26/2020,-105.2946,40.1656,1910,6/10/2020,30,5.6,11.4,17.2,12.2,555.8,
1,C03,5/12/2020,7/2/2020,7/26/2020,-105.2946,40.1656,1910,6/11/2020,31,7.8,15.4,22.9,17.9,573.7,
1,C03,5/12/2020,7/2/2020,7/26/2020,-105.2946,40.1656,1910,6/12/2020,32,11.8,19,26.1,21.1,594.8,
1,C03,5/12/2020,7/2/2020,7/26/2020,-105.2946,40.1656,1910,6/13/2020,33,12.9,21.8,30.7,25.7,620.5,
1,C03,5/12/2020,7/2/2020,7/26/2020,-105.2946,40.1656,1910,6/14/2020,34,15.1,21.8,28.4,23.4,643.9,
1,C03,5/12/2020,7/2/2020,7/26/2020,-105.2946,40.1656,1910,6/15/2020,35,13.7,22.2,30.7,25.7,669.6,
1,C03,5/12/2020,7/2/2020,7/26/2020,-105.2946,40.1656,1910,6/16/2020,36,15,22.7,30.5,25.5,695.1,
1,C03,5/12/2020,7/2/2020,7/26/2020,-105.2946,40.1656,1910,6/17/2020,37,12.5,22.2,31.8,26.8,721.9,
1,C03,5/12/2020,7/2/2020,7/26/2020,-105.2946,40.1656,1910,6/18/2020,38,9,20.3,31.6,26.6,748.5,
1,C03,5/12/2020,7/2/2020,7/26/2020,-105.2946,40.1656,1910,6/19/2020,39,9.4,14.5,19.5,14.5,763,
1,C03,5/12/2020,7/2/2020,7/26/2020,-105.2946,40.1656,1910,6/20/2020,40,8.4,12.8,17.1,12.1,775.1,
1,C03,5/12/2020,7/2/2020,7/26/2020,-105.2946,40.1656,1910,6/21/2020,41,10.3,19.1,27.8,22.8,797.9,
1,C03,5/12/2020,7/2/2020,7/26/2020,-105.2946,40.1656,1910,6/22/2020,42,11.1,18.3,25.4,20.4,818.3,
1,C03,5/12/2020,7/2/2020,7/26/2020,-105.2946,40.1656,1910,6/23/2020,43,12.1,18.6,25.2,20.2,838.5,
1,C03,5/12/2020,7/2/2020,7/26/2020,-105.2946,40.1656,1910,6/24/2020,44,12.4,19.8,27.1,22.1,860.6,
1,C03,5/12/2020,7/2/2020,7/26/2020,-105.2946,40.1656,1910,6/25/2020,45,14.2,22.3,30.4,25.4,886,
1,C03,5/12/2020,7/2/2020,7/26/2020,-105.2946,40.1656,1910,6/26/2020,46,13.2,22.1,31,26,912,
1,C03,5/12/2020,7/2/2020,7/26/2020,-105.2946,40.1656,1910,6/27/2020,47,13.1,19.3,25.5,20.5,932.5,
1,C03,5/12/2020,7/2/2020,7/26/2020,-105.2946,40.1656,1910,6/28/2020,48,14.1,22,29.9,24.9,957.4,
1,C03,5/12/2020,7/2/2020,7/26/2020,-105.2946,40.1656,1910,6/29/2020,49,14.6,22.2,29.7,24.7,982.1,
1,C03,5/12/2020,7/2/2020,7/26/2020,-105.2946,40.1656,1910,6/30/2020,50,14.2,22.7,31.2,26.2,1008.3,
1,C03,5/12/2020,7/2/2020,7/26/2020,-105.2946,40.1656,1910,7/1/2020,51,11.1,18.2,25.2,20.2,1028.5,
1,C03,5/12/2020,7/2/2020,7/26/2020,-105.2946,40.1656,1910,7/2/2020,52,11.7,20.1,28.5,23.5,1052,
2,C05,5/12/2020,7/3/2020,7/26/2020,-105.4131,40.0717,2519,5/12/2020,1,0,4.7,9.5,4.5,1,
2,C05,5/12/2020,7/3/2020,7/26/2020,-105.4131,40.0717,2519,5/13/2020,2,1.7,8.9,16,11,12,
2,C05,5/12/2020,7/3/2020,7/26/2020,-105.4131,40.0717,2519,5/14/2020,3,3.5,10.8,18.2,13.2,25.2,
2,C05,5/12/2020,7/3/2020,7/26/2020,-105.4131,40.0717,2519,5/15/2020,4,3.5,9,14.4,9.4,34.6,
2,C05,5/12/2020,7/3/2020,7/26/2020,-105.4131,40.0717,2519,5/16/2020,5,4,8.5,13,8,42.6,
2,C05,5/12/2020,7/3/2020,7/26/2020,-105.4131,40.0717,2519,5/17/2020,6,0.7,7.8,14.9,9.9,52.5,
2,C05,5/12/2020,7/3/2020,7/26/2020,-105.4131,40.0717,2519,5/18/2020,7,1.3,10.2,19,14,66.5,
2,C05,5/12/2020,7/3/2020,7/26/2020,-105.4131,40.0717,2519,5/19/2020,8,6.1,15.1,24.1,19.1,85.6,
2,C05,5/12/2020,7/3/2020,7/26/2020,-105.4131,40.0717,2519,5/20/2020,9,7.4,15.9,24.5,19.5,105.1,
2,C05,5/12/2020,7/3/2020,7/26/2020,-105.4131,40.0717,2519,5/21/2020,10,2.7,13,23.2,18.2,123.3,
2,C05,5/12/2020,7/3/2020,7/26/2020,-105.4131,40.0717,2519,5/22/2020,11,2,9.4,16.8,11.8,135.1,
2,C05,5/12/2020,7/3/2020,7/26/2020,-105.4131,40.0717,2519,5/23/2020,12,2.7,11.7,20.6,15.6,150.7,
2,C05,5/12/2020,7/3/2020,7/26/2020,-105.4131,40.0717,2519,5/24/2020,13,3.3,10.6,17.8,12.8,163.5,
2,C05,5/12/2020,7/3/2020,7/26/2020,-105.4131,40.0717,2519,5/25/2020,14,-0.5,3.1,6.8,1.8,165.3,
2,C05,5/12/2020,7/3/2020,7/26/2020,-105.4131,40.0717,2519,5/26/2020,15,-0.4,5.4,11.2,6.2,171.5,
2,C05,5/12/2020,7/3/2020,7/26/2020,-105.4131,40.0717,2519,5/27/2020,16,4,11.2,18.4,13.4,184.9,
2,C05,5/12/2020,7/3/2020,7/26/2020,-105.4131,40.0717,2519,5/28/2020,17,5.7,12.9,20.1,15.1,200,
2,C05,5/12/2020,7/3/2020,7/26/2020,-105.4131,40.0717,2519,5/29/2020,18,5.2,11.5,17.8,12.8,212.8,
2,C05,5/12/2020,7/3/2020,7/26/2020,-105.4131,40.0717,2519,5/30/2020,19,6.8,15.2,23.7,18.7,231.5,
2,C05,5/12/2020,7/3/2020,7/26/2020,-105.4131,40.0717,2519,5/31/2020,20,7.3,14.9,22.5,17.5,249,
2,C05,5/12/2020,7/3/2020,7/26/2020,-105.4131,40.0717,2519,6/1/2020,21,8.3,16.2,24.2,19.2,268.2,
2,C05,5/12/2020,7/3/2020,7/26/2020,-105.4131,40.0717,2519,6/2/2020,22,10.9,18.4,26,21,289.2,
2,C05,5/12/2020,7/3/2020,7/26/2020,-105.4131,40.0717,2519,6/3/2020,23,8.7,16.4,24.2,19.2,308.4,
2,C05,5/12/2020,7/3/2020,7/26/2020,-105.4131,40.0717,2519,6/4/2020,24,8.5,16.8,25,20,328.4,
2,C05,5/12/2020,7/3/2020,7/26/2020,-105.4131,40.0717,2519,6/5/2020,25,9.3,16.7,24.2,19.2,347.6,
2,C05,5/12/2020,7/3/2020,7/26/2020,-105.4131,40.0717,2519,6/6/2020,26,9.5,18.5,27.5,22.5,370.1,
2,C05,5/12/2020,7/3/2020,7/26/2020,-105.4131,40.0717,2519,6/7/2020,27,6.7,13.7,20.7,15.7,385.8,
2,C05,5/12/2020,7/3/2020,7/26/2020,-105.4131,40.0717,2519,6/8/2020,28,5.5,15.1,24.7,19.7,405.5,
2,C05,5/12/2020,7/3/2020,7/26/2020,-105.4131,40.0717,2519,6/9/2020,29,0.5,8.3,16.1,11.1,416.6,
2,C05,5/12/2020,7/3/2020,7/26/2020,-105.4131,40.0717,2519,6/10/2020,30,1,5.9,10.8,5.8,422.4,
2,C05,5/12/2020,7/3/2020,7/26/2020,-105.4131,40.0717,2519,6/11/2020,31,3.5,10.5,17.5,12.5,434.9,
2,C05,5/12/2020,7/3/2020,7/26/2020,-105.4131,40.0717,2519,6/12/2020,32,5.1,13.2,21.4,16.4,451.3,
2,C05,5/12/2020,7/3/2020,7/26/2020,-105.4131,40.0717,2519,6/13/2020,33,6.4,16.1,25.7,20.7,472,
2,C05,5/12/2020,7/3/2020,7/26/2020,-105.4131,40.0717,2519,6/14/2020,34,8.8,16.5,24.1,19.1,491.1,
2,C05,5/12/2020,7/3/2020,7/26/2020,-105.4131,40.0717,2519,6/15/2020,35,8.9,17.2,25.6,20.6,511.7,
2,C05,5/12/2020,7/3/2020,7/26/2020,-105.4131,40.0717,2519,6/16/2020,36,8.9,17.2,25.5,20.5,532.2,
2,C05,5/12/2020,7/3/2020,7/26/2020,-105.4131,40.0717,2519,6/17/2020,37,8.4,17.5,26.7,21.7,553.9,
2,C05,5/12/2020,7/3/2020,7/26/2020,-105.4131,40.0717,2519,6/18/2020,38,5.6,16.1,26.5,21.5,575.4,
2,C05,5/12/2020,7/3/2020,7/26/2020,-105.4131,40.0717,2519,6/19/2020,39,4.7,10.1,15.4,10.4,585.8,
2,C05,5/12/2020,7/3/2020,7/26/2020,-105.4131,40.0717,2519,6/20/2020,40,3.2,8,12.8,7.8,593.6,
2,C05,5/12/2020,7/3/2020,7/26/2020,-105.4131,40.0717,2519,6/21/2020,41,5.1,13.8,22.5,17.5,611.1,
2,C05,5/12/2020,7/3/2020,7/26/2020,-105.4131,40.0717,2519,6/22/2020,42,6.6,13.7,20.9,15.9,627,
2,C05,5/12/2020,7/3/2020,7/26/2020,-105.4131,40.0717,2519,6/23/2020,43,6.7,13.7,20.7,15.7,642.7,
2,C05,5/12/2020,7/3/2020,7/26/2020,-105.4131,40.0717,2519,6/24/2020,44,7.1,14.8,22.5,17.5,660.2,
2,C05,5/12/2020,7/3/2020,7/26/2020,-105.4131,40.0717,2519,6/25/2020,45,8.6,17.1,25.5,20.5,680.7,
2,C05,5/12/2020,7/3/2020,7/26/2020,-105.4131,40.0717,2519,6/26/2020,46,8.2,17.2,26.3,21.3,702,
2,C05,5/12/2020,7/3/2020,7/26/2020,-105.4131,40.0717,2519,6/27/2020,47,7.5,14.6,21.7,16.7,718.7,
2,C05,5/12/2020,7/3/2020,7/26/2020,-105.4131,40.0717,2519,6/28/2020,48,8.7,16.7,24.8,19.8,738.5,
2,C05,5/12/2020,7/3/2020,7/26/2020,-105.4131,40.0717,2519,6/29/2020,49,9.7,17.3,24.9,19.9,758.4,
2,C05,5/12/2020,7/3/2020,7/26/2020,-105.4131,40.0717,2519,6/30/2020,50,9.3,17.8,26.2,21.2,779.6,
2,C05,5/12/2020,7/3/2020,7/26/2020,-105.4131,40.0717,2519,7/1/2020,51,6.1,12.9,19.7,14.7,794.3,
2,C05,5/12/2020,7/3/2020,7/26/2020,-105.4131,40.0717,2519,7/2/2020,52,5.8,14.8,23.8,18.8,813.1,
2,C05,5/12/2020,7/3/2020,7/26/2020,-105.4131,40.0717,2519,7/3/2020,53,10.2,18.6,27.1,22.1,835.2,
3,C11,5/13/2020,7/27/2020,7/27/2020,-105.3091,39.9709,2143,5/13/2020,1,2.7,10,17.4,12.4,1,
3,C11,5/13/2020,7/27/2020,7/27/2020,-105.3091,39.9709,2143,5/14/2020,2,5.8,14,22.2,17.2,18.2,
3,C11,5/13/2020,7/27/2020,7/27/2020,-105.3091,39.9709,2143,5/15/2020,3,7.5,12,16.6,11.6,29.8,
3,C11,5/13/2020,7/27/2020,7/27/2020,-105.3091,39.9709,2143,5/16/2020,4,6.8,11.2,15.5,10.5,40.3,
3,C11,5/13/2020,7/27/2020,7/27/2020,-105.3091,39.9709,2143,5/17/2020,5,3,10.1,17.3,12.3,52.6,
3,C11,5/13/2020,7/27/2020,7/27/2020,-105.3091,39.9709,2143,5/18/2020,6,4.3,12.2,20.1,15.1,67.7,
3,C11,5/13/2020,7/27/2020,7/27/2020,-105.3091,39.9709,2143,5/19/2020,7,8.5,17.4,26.3,21.3,89,
3,C11,5/13/2020,7/27/2020,7/27/2020,-105.3091,39.9709,2143,5/20/2020,8,9.9,18.8,27.7,22.7,111.7,
3,C11,5/13/2020,7/27/2020,7/27/2020,-105.3091,39.9709,2143,5/21/2020,9,4.1,15.3,26.5,21.5,133.2,
3,C11,5/13/2020,7/27/2020,7/27/2020,-105.3091,39.9709,2143,5/22/2020,10,5,12.5,20,15,148.2,
3,C11,5/13/2020,7/27/2020,7/27/2020,-105.3091,39.9709,2143,5/23/2020,11,6.3,15.3,24.3,19.3,167.5,
3,C11,5/13/2020,7/27/2020,7/27/2020,-105.3091,39.9709,2143,5/24/2020,12,6.6,13.9,21.1,16.1,183.6,
3,C11,5/13/2020,7/27/2020,7/27/2020,-105.3091,39.9709,2143,5/25/2020,13,2.7,6.4,10.2,5.2,188.8,
3,C11,5/13/2020,7/27/2020,7/27/2020,-105.3091,39.9709,2143,5/26/2020,14,4.2,9,13.9,8.9,197.7,
3,C11,5/13/2020,7/27/2020,7/27/2020,-105.3091,39.9709,2143,5/27/2020,15,6,13.7,21.3,16.3,214,
3,C11,5/13/2020,7/27/2020,7/27/2020,-105.3091,39.9709,2143,5/28/2020,16,8.3,15.6,23,18,232,
3,C11,5/13/2020,7/27/2020,7/27/2020,-105.3091,39.9709,2143,5/29/2020,17,8.1,13.7,19.2,14.2,246.2,
3,C11,5/13/2020,7/27/2020,7/27/2020,-105.3091,39.9709,2143,5/30/2020,18,10.1,17.9,25.6,20.6,266.8,
3,C11,5/13/2020,7/27/2020,7/27/2020,-105.3091,39.9709,2143,5/31/2020,19,10,17.4,24.7,19.7,286.5,
3,C11,5/13/2020,7/27/2020,7/27/2020,-105.3091,39.9709,2143,6/1/2020,20,10.8,19,27.2,22.2,308.7,
3,C11,5/13/2020,7/27/2020,7/27/2020,-105.3091,39.9709,2143,6/2/2020,21,14.2,21.6,29.1,24.1,332.8,
3,C11,5/13/2020,7/27/2020,7/27/2020,-105.3091,39.9709,2143,6/3/2020,22,11.4,19.3,27.3,22.3,355.1,
3,C11,5/13/2020,7/27/2020,7/27/2020,-105.3091,39.9709,2143,6/4/2020,23,11.5,20,28.5,23.5,378.6,
3,C11,5/13/2020,7/27/2020,7/27/2020,-105.3091,39.9709,2143,6/5/2020,24,12.5,20.3,28.1,23.1,401.7,
3,C11,5/13/2020,7/27/2020,7/27/2020,-105.3091,39.9709,2143,6/6/2020,25,13,21.6,30.1,25.1,426.8,
3,C11,5/13/2020,7/27/2020,7/27/2020,-105.3091,39.9709,2143,6/7/2020,26,8.3,16.9,25.4,20.4,447.2,
3,C11,5/13/2020,7/27/2020,7/27/2020,-105.3091,39.9709,2143,6/8/2020,27,7.6,18.1,28.6,23.6,470.8,
3,C11,5/13/2020,7/27/2020,7/27/2020,-105.3091,39.9709,2143,6/9/2020,28,2.8,11.5,20.3,15.3,486.1,
3,C11,5/13/2020,7/27/2020,7/27/2020,-105.3091,39.9709,2143,6/10/2020,29,4.1,9.8,15.5,10.5,496.6,
3,C11,5/13/2020,7/27/2020,7/27/2020,-105.3091,39.9709,2143,6/11/2020,30,6.2,13.7,21.2,16.2,512.8,
3,C11,5/13/2020,7/27/2020,7/27/2020,-105.3091,39.9709,2143,6/12/2020,31,8.8,16.5,24.1,19.1,531.9,
3,C11,5/13/2020,7/27/2020,7/27/2020,-105.3091,39.9709,2143,6/13/2020,32,9.6,19.1,28.6,23.6,555.5,
3,C11,5/13/2020,7/27/2020,7/27/2020,-105.3091,39.9709,2143,6/14/2020,33,11.9,19.3,26.7,21.7,577.2,
3,C11,5/13/2020,7/27/2020,7/27/2020,-105.3091,39.9709,2143,6/15/2020,34,11.2,20.4,29.6,24.6,601.8,
3,C11,5/13/2020,7/27/2020,7/27/2020,-105.3091,39.9709,2143,6/16/2020,35,12.4,20.8,29.1,24.1,625.9,
3,C11,5/13/2020,7/27/2020,7/27/2020,-105.3091,39.9709,2143,6/17/2020,36,10,20.2,30.4,25.4,651.3,
3,C11,5/13/2020,7/27/2020,7/27/2020,-105.3091,39.9709,2143,6/18/2020,37,7.1,18.5,29.8,24.8,676.1,
3,C11,5/13/2020,7/27/2020,7/27/2020,-105.3091,39.9709,2143,6/19/2020,38,7.3,12.2,17.1,12.1,688.2,
3,C11,5/13/2020,7/27/2020,7/27/2020,-105.3091,39.9709,2143,6/20/2020,39,5.7,10.7,15.7,10.7,698.9,
3,C11,5/13/2020,7/27/2020,7/27/2020,-105.3091,39.9709,2143,6/21/2020,40,8.9,17.6,26.3,21.3,720.2,
3,C11,5/13/2020,7/27/2020,7/27/2020,-105.3091,39.9709,2143,6/22/2020,41,9.4,16.8,24.2,19.2,739.4,
3,C11,5/13/2020,7/27/2020,7/27/2020,-105.3091,39.9709,2143,6/23/2020,42,10,16.8,23.5,18.5,757.9,
3,C11,5/13/2020,7/27/2020,7/27/2020,-105.3091,39.9709,2143,6/24/2020,43,10.2,17.8,25.3,20.3,778.2,
3,C11,5/13/2020,7/27/2020,7/27/2020,-105.3091,39.9709,2143,6/25/2020,44,11.5,20,28.5,23.5,801.7,
3,C11,5/13/2020,7/27/2020,7/27/2020,-105.3091,39.9709,2143,6/26/2020,45,10.9,20.4,29.8,24.8,826.5,
3,C11,5/13/2020,7/27/2020,7/27/2020,-105.3091,39.9709,2143,6/27/2020,46,10.3,17.1,23.8,18.8,845.3,
3,C11,5/13/2020,7/27/2020,7/27/2020,-105.3091,39.9709,2143,6/28/2020,47,11,19.8,28.6,23.6,868.9,
3,C11,5/13/2020,7/27/2020,7/27/2020,-105.3091,39.9709,2143,6/29/2020,48,11.7,19.9,28.1,23.1,892,
3,C11,5/13/2020,7/27/2020,7/27/2020,-105.3091,39.9709,2143,6/30/2020,49,11.9,20.6,29.3,24.3,916.3,
3,C11,5/13/2020,7/27/2020,7/27/2020,-105.3091,39.9709,2143,7/1/2020,50,9.2,16.7,24.1,19.1,935.4,
3,C11,5/13/2020,7/27/2020,7/27/2020,-105.3091,39.9709,2143,7/2/2020,51,9.7,18.1,26.4,21.4,956.8,
3,C11,5/13/2020,7/27/2020,7/27/2020,-105.3091,39.9709,2143,7/3/2020,52,13.7,22.1,30.4,25.4,982.2,
3,C11,5/13/2020,7/27/2020,7/27/2020,-105.3091,39.9709,2143,7/4/2020,53,13.9,21.1,28.3,23.3,1005.5,
3,C11,5/13/2020,7/27/2020,7/27/2020,-105.3091,39.9709,2143,7/5/2020,54,11.8,19.9,28,23,1028.5,
3,C11,5/13/2020,7/27/2020,7/27/2020,-105.3091,39.9709,2143,7/6/2020,55,13.2,20.9,28.6,23.6,1052.1,
3,C11,5/13/2020,7/27/2020,7/27/2020,-105.3091,39.9709,2143,7/7/2020,56,15.7,23.4,31,26,1078.1,
3,C11,5/13/2020,7/27/2020,7/27/2020,-105.3091,39.9709,2143,7/8/2020,57,11.1,21.5,31.9,26.9,1105,
3,C11,5/13/2020,7/27/2020,7/27/2020,-105.3091,39.9709,2143,7/9/2020,58,12.8,22.3,31.8,26.8,1131.8,
3,C11,5/13/2020,7/27/2020,7/27/2020,-105.3091,39.9709,2143,7/10/2020,59,12.8,21.3,29.7,24.7,1156.5,
3,C11,5/13/2020,7/27/2020,7/27/2020,-105.3091,39.9709,2143,7/11/2020,60,13.6,23.7,33.9,28.9,1185.4,
3,C11,5/13/2020,7/27/2020,7/27/2020,-105.3091,39.9709,2143,7/12/2020,61,14,22.2,30.4,25.4,1210.8,
3,C11,5/13/2020,7/27/2020,7/27/2020,-105.3091,39.9709,2143,7/13/2020,62,18,24.8,31.6,26.6,1237.4,
3,C11,5/13/2020,7/27/2020,7/27/2020,-105.3091,39.9709,2143,7/14/2020,63,16.5,24.7,32.8,27.8,1265.2,
3,C11,5/13/2020,7/27/2020,7/27/2020,-105.3091,39.9709,2143,7/15/2020,64,11.9,17.5,23,18,1283.2,
3,C11,5/13/2020,7/27/2020,7/27/2020,-105.3091,39.9709,2143,7/16/2020,65,12.7,18.3,24,19,1302.2,
3,C11,5/13/2020,7/27/2020,7/27/2020,-105.3091,39.9709,2143,7/17/2020,66,15.7,23.6,31.4,26.4,1328.6,
3,C11,5/13/2020,7/27/2020,7/27/2020,-105.3091,39.9709,2143,7/18/2020,67,17.4,23.9,30.5,25.5,1354.1,
3,C11,5/13/2020,7/27/2020,7/27/2020,-105.3091,39.9709,2143,7/19/2020,68,13.2,22.9,32.7,27.7,1381.8,
3,C11,5/13/2020,7/27/2020,7/27/2020,-105.3091,39.9709,2143,7/20/2020,69,13.9,21.7,29.6,24.6,1406.4,
3,C11,5/13/2020,7/27/2020,7/27/2020,-105.3091,39.9709,2143,7/21/2020,70,13.1,21.5,29.9,24.9,1431.3,
3,C11,5/13/2020,7/27/2020,7/27/2020,-105.3091,39.9709,2143,7/22/2020,71,11.8,19.6,27.5,22.5,1453.8,
3,C11,5/13/2020,7/27/2020,7/27/2020,-105.3091,39.9709,2143,7/23/2020,72,13.6,22.1,30.6,25.6,1479.4,
3,C11,5/13/2020,7/27/2020,7/27/2020,-105.3091,39.9709,2143,7/24/2020,73,16.6,23.1,29.7,24.7,1504.1,
3,C11,5/13/2020,7/27/2020,7/27/2020,-105.3091,39.9709,2143,7/25/2020,74,14.1,21,28,23,1527.1,
3,C11,5/13/2020,7/27/2020,7/27/2020,-105.3091,39.9709,2143,7/26/2020,75,14,19.4,24.8,19.8,1546.9,
3,C11,5/13/2020,7/27/2020,7/27/2020,-105.3091,39.9709,2143,7/27/2020,76,12,17.8,23.7,18.7,1565.6,
4,C21,5/13/2020,7/9/2020,7/27/2020,-105.3122,39.9616,2143,5/13/2020,1,2.7,10,17.4,12.4,1,
4,C21,5/13/2020,7/9/2020,7/27/2020,-105.3122,39.9616,2143,5/14/2020,2,5.8,14,22.2,17.2,18.2,
4,C21,5/13/2020,7/9/2020,7/27/2020,-105.3122,39.9616,2143,5/15/2020,3,7.5,12,16.6,11.6,29.8,
4,C21,5/13/2020,7/9/2020,7/27/2020,-105.3122,39.9616,2143,5/16/2020,4,6.8,11.2,15.5,10.5,40.3,
4,C21,5/13/2020,7/9/2020,7/27/2020,-105.3122,39.9616,2143,5/17/2020,5,3,10.1,17.3,12.3,52.6,
4,C21,5/13/2020,7/9/2020,7/27/2020,-105.3122,39.9616,2143,5/18/2020,6,4.3,12.2,20.1,15.1,67.7,
4,C21,5/13/2020,7/9/2020,7/27/2020,-105.3122,39.9616,2143,5/19/2020,7,8.5,17.4,26.3,21.3,89,
4,C21,5/13/2020,7/9/2020,7/27/2020,-105.3122,39.9616,2143,5/20/2020,8,9.9,18.8,27.7,22.7,111.7,
4,C21,5/13/2020,7/9/2020,7/27/2020,-105.3122,39.9616,2143,5/21/2020,9,4.1,15.3,26.5,21.5,133.2,
4,C21,5/13/2020,7/9/2020,7/27/2020,-105.3122,39.9616,2143,5/22/2020,10,5,12.5,20,15,148.2,
4,C21,5/13/2020,7/9/2020,7/27/2020,-105.3122,39.9616,2143,5/23/2020,11,6.3,15.3,24.3,19.3,167.5,
4,C21,5/13/2020,7/9/2020,7/27/2020,-105.3122,39.9616,2143,5/24/2020,12,6.6,13.9,21.1,16.1,183.6,
4,C21,5/13/2020,7/9/2020,7/27/2020,-105.3122,39.9616,2143,5/25/2020,13,2.7,6.4,10.2,5.2,188.8,
4,C21,5/13/2020,7/9/2020,7/27/2020,-105.3122,39.9616,2143,5/26/2020,14,4.2,9,13.9,8.9,197.7,
4,C21,5/13/2020,7/9/2020,7/27/2020,-105.3122,39.9616,2143,5/27/2020,15,6,13.7,21.3,16.3,214,
4,C21,5/13/2020,7/9/2020,7/27/2020,-105.3122,39.9616,2143,5/28/2020,16,8.3,15.6,23,18,232,
4,C21,5/13/2020,7/9/2020,7/27/2020,-105.3122,39.9616,2143,5/29/2020,17,8.1,13.7,19.2,14.2,246.2,
4,C21,5/13/2020,7/9/2020,7/27/2020,-105.3122,39.9616,2143,5/30/2020,18,10.1,17.9,25.6,20.6,266.8,
4,C21,5/13/2020,7/9/2020,7/27/2020,-105.3122,39.9616,2143,5/31/2020,19,10,17.4,24.7,19.7,286.5,
4,C21,5/13/2020,7/9/2020,7/27/2020,-105.3122,39.9616,2143,6/1/2020,20,10.8,19,27.2,22.2,308.7,
4,C21,5/13/2020,7/9/2020,7/27/2020,-105.3122,39.9616,2143,6/2/2020,21,14.2,21.6,29.1,24.1,332.8,
4,C21,5/13/2020,7/9/2020,7/27/2020,-105.3122,39.9616,2143,6/3/2020,22,11.4,19.3,27.3,22.3,355.1,
4,C21,5/13/2020,7/9/2020,7/27/2020,-105.3122,39.9616,2143,6/4/2020,23,11.5,20,28.5,23.5,378.6,
4,C21,5/13/2020,7/9/2020,7/27/2020,-105.3122,39.9616,2143,6/5/2020,24,12.5,20.3,28.1,23.1,401.7,
4,C21,5/13/2020,7/9/2020,7/27/2020,-105.3122,39.9616,2143,6/6/2020,25,13,21.6,30.1,25.1,426.8,
4,C21,5/13/2020,7/9/2020,7/27/2020,-105.3122,39.9616,2143,6/7/2020,26,8.3,16.9,25.4,20.4,447.2,
4,C21,5/13/2020,7/9/2020,7/27/2020,-105.3122,39.9616,2143,6/8/2020,27,7.6,18.1,28.6,23.6,470.8,
4,C21,5/13/2020,7/9/2020,7/27/2020,-105.3122,39.9616,2143,6/9/2020,28,2.8,11.5,20.3,15.3,486.1,
4,C21,5/13/2020,7/9/2020,7/27/2020,-105.3122,39.9616,2143,6/10/2020,29,4.1,9.8,15.5,10.5,496.6,
4,C21,5/13/2020,7/9/2020,7/27/2020,-105.3122,39.9616,2143,6/11/2020,30,6.2,13.7,21.2,16.2,512.8,
4,C21,5/13/2020,7/9/2020,7/27/2020,-105.3122,39.9616,2143,6/12/2020,31,8.8,16.5,24.1,19.1,531.9,
4,C21,5/13/2020,7/9/2020,7/27/2020,-105.3122,39.9616,2143,6/13/2020,32,9.6,19.1,28.6,23.6,555.5,
4,C21,5/13/2020,7/9/2020,7/27/2020,-105.3122,39.9616,2143,6/14/2020,33,11.9,19.3,26.7,21.7,577.2,
4,C21,5/13/2020,7/9/2020,7/27/2020,-105.3122,39.9616,2143,6/15/2020,34,11.2,20.4,29.6,24.6,601.8,
4,C21,5/13/2020,7/9/2020,7/27/2020,-105.3122,39.9616,2143,6/16/2020,35,12.4,20.8,29.1,24.1,625.9,
4,C21,5/13/2020,7/9/2020,7/27/2020,-105.3122,39.9616,2143,6/17/2020,36,10,20.2,30.4,25.4,651.3,
4,C21,5/13/2020,7/9/2020,7/27/2020,-105.3122,39.9616,2143,6/18/2020,37,7.1,18.5,29.8,24.8,676.1,
4,C21,5/13/2020,7/9/2020,7/27/2020,-105.3122,39.9616,2143,6/19/2020,38,7.3,12.2,17.1,12.1,688.2,
4,C21,5/13/2020,7/9/2020,7/27/2020,-105.3122,39.9616,2143,6/20/2020,39,5.7,10.7,15.7,10.7,698.9,
4,C21,5/13/2020,7/9/2020,7/27/2020,-105.3122,39.9616,2143,6/21/2020,40,8.9,17.6,26.3,21.3,720.2,
4,C21,5/13/2020,7/9/2020,7/27/2020,-105.3122,39.9616,2143,6/22/2020,41,9.4,16.8,24.2,19.2,739.4,
4,C21,5/13/2020,7/9/2020,7/27/2020,-105.3122,39.9616,2143,6/23/2020,42,10,16.8,23.5,18.5,757.9,
4,C21,5/13/2020,7/9/2020,7/27/2020,-105.3122,39.9616,2143,6/24/2020,43,10.2,17.8,25.3,20.3,778.2,
4,C21,5/13/2020,7/9/2020,7/27/2020,-105.3122,39.9616,2143,6/25/2020,44,11.5,20,28.5,23.5,801.7,
4,C21,5/13/2020,7/9/2020,7/27/2020,-105.3122,39.9616,2143,6/26/2020,45,10.9,20.4,29.8,24.8,826.5,
4,C21,5/13/2020,7/9/2020,7/27/2020,-105.3122,39.9616,2143,6/27/2020,46,10.3,17.1,23.8,18.8,845.3,
4,C21,5/13/2020,7/9/2020,7/27/2020,-105.3122,39.9616,2143,6/28/2020,47,11,19.8,28.6,23.6,868.9,
4,C21,5/13/2020,7/9/2020,7/27/2020,-105.3122,39.9616,2143,6/29/2020,48,11.7,19.9,28.1,23.1,892,
4,C21,5/13/2020,7/9/2020,7/27/2020,-105.3122,39.9616,2143,6/30/2020,49,11.9,20.6,29.3,24.3,916.3,
4,C21,5/13/2020,7/9/2020,7/27/2020,-105.3122,39.9616,2143,7/1/2020,50,9.2,16.7,24.1,19.1,935.4,
4,C21,5/13/2020,7/9/2020,7/27/2020,-105.3122,39.9616,2143,7/2/2020,51,9.7,18.1,26.4,21.4,956.8,
4,C21,5/13/2020,7/9/2020,7/27/2020,-105.3122,39.9616,2143,7/3/2020,52,13.7,22.1,30.4,25.4,982.2,
4,C21,5/13/2020,7/9/2020,7/27/2020,-105.3122,39.9616,2143,7/4/2020,53,13.9,21.1,28.3,23.3,1005.5,
4,C21,5/13/2020,7/9/2020,7/27/2020,-105.3122,39.9616,2143,7/5/2020,54,11.8,19.9,28,23,1028.5,
4,C21,5/13/2020,7/9/2020,7/27/2020,-105.3122,39.9616,2143,7/6/2020,55,13.2,20.9,28.6,23.6,1052.1,
4,C21,5/13/2020,7/9/2020,7/27/2020,-105.3122,39.9616,2143,7/7/2020,56,15.7,23.4,31,26,1078.1,
4,C21,5/13/2020,7/9/2020,7/27/2020,-105.3122,39.9616,2143,7/8/2020,57,11.1,21.5,31.9,26.9,1105,
4,C21,5/13/2020,7/9/2020,7/27/2020,-105.3122,39.9616,2143,7/9/2020,58,12.8,22.3,31.8,26.8,1131.8,
5,H03,5/12/2020,7/26/2020,7/26/2020,-105.3962,40.063,2519,5/12/2020,1,0,4.7,9.5,4.5,1,
5,H03,5/12/2020,7/26/2020,7/26/2020,-105.3962,40.063,2519,5/13/2020,2,1.7,8.9,16,11,12,
5,H03,5/12/2020,7/26/2020,7/26/2020,-105.3962,40.063,2519,5/14/2020,3,3.5,10.8,18.2,13.2,25.2,
5,H03,5/12/2020,7/26/2020,7/26/2020,-105.3962,40.063,2519,5/15/2020,4,3.5,9,14.4,9.4,34.6,
5,H03,5/12/2020,7/26/2020,7/26/2020,-105.3962,40.063,2519,5/16/2020,5,4,8.5,13,8,42.6,
5,H03,5/12/2020,7/26/2020,7/26/2020,-105.3962,40.063,2519,5/17/2020,6,0.7,7.8,14.9,9.9,52.5,
5,H03,5/12/2020,7/26/2020,7/26/2020,-105.3962,40.063,2519,5/18/2020,7,1.3,10.2,19,14,66.5,
5,H03,5/12/2020,7/26/2020,7/26/2020,-105.3962,40.063,2519,5/19/2020,8,6.1,15.1,24.1,19.1,85.6,
5,H03,5/12/2020,7/26/2020,7/26/2020,-105.3962,40.063,2519,5/20/2020,9,7.4,15.9,24.5,19.5,105.1,
5,H03,5/12/2020,7/26/2020,7/26/2020,-105.3962,40.063,2519,5/21/2020,10,2.7,13,23.2,18.2,123.3,
5,H03,5/12/2020,7/26/2020,7/26/2020,-105.3962,40.063,2519,5/22/2020,11,2,9.4,16.8,11.8,135.1,
5,H03,5/12/2020,7/26/2020,7/26/2020,-105.3962,40.063,2519,5/23/2020,12,2.7,11.7,20.6,15.6,150.7,
5,H03,5/12/2020,7/26/2020,7/26/2020,-105.3962,40.063,2519,5/24/2020,13,3.3,10.6,17.8,12.8,163.5,
5,H03,5/12/2020,7/26/2020,7/26/2020,-105.3962,40.063,2519,5/25/2020,14,-0.5,3.1,6.8,1.8,165.3,
5,H03,5/12/2020,7/26/2020,7/26/2020,-105.3962,40.063,2519,5/26/2020,15,-0.4,5.4,11.2,6.2,171.5,
5,H03,5/12/2020,7/26/2020,7/26/2020,-105.3962,40.063,2519,5/27/2020,16,4,11.2,18.4,13.4,184.9,
5,H03,5/12/2020,7/26/2020,7/26/2020,-105.3962,40.063,2519,5/28/2020,17,5.7,12.9,20.1,15.1,200,
5,H03,5/12/2020,7/26/2020,7/26/2020,-105.3962,40.063,2519,5/29/2020,18,5.2,11.5,17.8,12.8,212.8,
5,H03,5/12/2020,7/26/2020,7/26/2020,-105.3962,40.063,2519,5/30/2020,19,6.8,15.2,23.7,18.7,231.5,
5,H03,5/12/2020,7/26/2020,7/26/2020,-105.3962,40.063,2519,5/31/2020,20,7.3,14.9,22.5,17.5,249,
5,H03,5/12/2020,7/26/2020,7/26/2020,-105.3962,40.063,2519,6/1/2020,21,8.3,16.2,24.2,19.2,268.2,
5,H03,5/12/2020,7/26/2020,7/26/2020,-105.3962,40.063,2519,6/2/2020,22,10.9,18.4,26,21,289.2,
5,H03,5/12/2020,7/26/2020,7/26/2020,-105.3962,40.063,2519,6/3/2020,23,8.7,16.4,24.2,19.2,308.4,
5,H03,5/12/2020,7/26/2020,7/26/2020,-105.3962,40.063,2519,6/4/2020,24,8.5,16.8,25,20,328.4,
5,H03,5/12/2020,7/26/2020,7/26/2020,-105.3962,40.063,2519,6/5/2020,25,9.3,16.7,24.2,19.2,347.6,
5,H03,5/12/2020,7/26/2020,7/26/2020,-105.3962,40.063,2519,6/6/2020,26,9.5,18.5,27.5,22.5,370.1,
5,H03,5/12/2020,7/26/2020,7/26/2020,-105.3962,40.063,2519,6/7/2020,27,6.7,13.7,20.7,15.7,385.8,
5,H03,5/12/2020,7/26/2020,7/26/2020,-105.3962,40.063,2519,6/8/2020,28,5.5,15.1,24.7,19.7,405.5,
5,H03,5/12/2020,7/26/2020,7/26/2020,-105.3962,40.063,2519,6/9/2020,29,0.5,8.3,16.1,11.1,416.6,
5,H03,5/12/2020,7/26/2020,7/26/2020,-105.3962,40.063,2519,6/10/2020,30,1,5.9,10.8,5.8,422.4,
5,H03,5/12/2020,7/26/2020,7/26/2020,-105.3962,40.063,2519,6/11/2020,31,3.5,10.5,17.5,12.5,434.9,
5,H03,5/12/2020,7/26/2020,7/26/2020,-105.3962,40.063,2519,6/12/2020,32,5.1,13.2,21.4,16.4,451.3,
5,H03,5/12/2020,7/26/2020,7/26/2020,-105.3962,40.063,2519,6/13/2020,33,6.4,16.1,25.7,20.7,472,
5,H03,5/12/2020,7/26/2020,7/26/2020,-105.3962,40.063,2519,6/14/2020,34,8.8,16.5,24.1,19.1,491.1,
5,H03,5/12/2020,7/26/2020,7/26/2020,-105.3962,40.063,2519,6/15/2020,35,8.9,17.2,25.6,20.6,511.7,
5,H03,5/12/2020,7/26/2020,7/26/2020,-105.3962,40.063,2519,6/16/2020,36,8.9,17.2,25.5,20.5,532.2,
5,H03,5/12/2020,7/26/2020,7/26/2020,-105.3962,40.063,2519,6/17/2020,37,8.4,17.5,26.7,21.7,553.9,
5,H03,5/12/2020,7/26/2020,7/26/2020,-105.3962,40.063,2519,6/18/2020,38,5.6,16.1,26.5,21.5,575.4,
5,H03,5/12/2020,7/26/2020,7/26/2020,-105.3962,40.063,2519,6/19/2020,39,4.7,10.1,15.4,10.4,585.8,
5,H03,5/12/2020,7/26/2020,7/26/2020,-105.3962,40.063,2519,6/20/2020,40,3.2,8,12.8,7.8,593.6,
5,H03,5/12/2020,7/26/2020,7/26/2020,-105.3962,40.063,2519,6/21/2020,41,5.1,13.8,22.5,17.5,611.1,
5,H03,5/12/2020,7/26/2020,7/26/2020,-105.3962,40.063,2519,6/22/2020,42,6.6,13.7,20.9,15.9,627,
5,H03,5/12/2020,7/26/2020,7/26/2020,-105.3962,40.063,2519,6/23/2020,43,6.7,13.7,20.7,15.7,642.7,
5,H03,5/12/2020,7/26/2020,7/26/2020,-105.3962,40.063,2519,6/24/2020,44,7.1,14.8,22.5,17.5,660.2,
5,H03,5/12/2020,7/26/2020,7/26/2020,-105.3962,40.063,2519,6/25/2020,45,8.6,17.1,25.5,20.5,680.7,
5,H03,5/12/2020,7/26/2020,7/26/2020,-105.3962,40.063,2519,6/26/2020,46,8.2,17.2,26.3,21.3,702,
5,H03,5/12/2020,7/26/2020,7/26/2020,-105.3962,40.063,2519,6/27/2020,47,7.5,14.6,21.7,16.7,718.7,
5,H03,5/12/2020,7/26/2020,7/26/2020,-105.3962,40.063,2519,6/28/2020,48,8.7,16.7,24.8,19.8,738.5,
5,H03,5/12/2020,7/26/2020,7/26/2020,-105.3962,40.063,2519,6/29/2020,49,9.7,17.3,24.9,19.9,758.4,
5,H03,5/12/2020,7/26/2020,7/26/2020,-105.3962,40.063,2519,6/30/2020,50,9.3,17.8,26.2,21.2,779.6,
5,H03,5/12/2020,7/26/2020,7/26/2020,-105.3962,40.063,2519,7/1/2020,51,6.1,12.9,19.7,14.7,794.3,
5,H03,5/12/2020,7/26/2020,7/26/2020,-105.3962,40.063,2519,7/2/2020,52,5.8,14.8,23.8,18.8,813.1,
5,H03,5/12/2020,7/26/2020,7/26/2020,-105.3962,40.063,2519,7/3/2020,53,10.2,18.6,27.1,22.1,835.2,
5,H03,5/12/2020,7/26/2020,7/26/2020,-105.3962,40.063,2519,7/4/2020,54,11.3,18.6,26,21,856.2,
5,H03,5/12/2020,7/26/2020,7/26/2020,-105.3962,40.063,2519,7/5/2020,55,9.4,17.3,25.3,20.3,876.5,
5,H03,5/12/2020,7/26/2020,7/26/2020,-105.3962,40.063,2519,7/6/2020,56,10.2,17.9,25.7,20.7,897.2,
5,H03,5/12/2020,7/26/2020,7/26/2020,-105.3962,40.063,2519,7/7/2020,57,11.9,20,28,23,920.2,
5,H03,5/12/2020,7/26/2020,7/26/2020,-105.3962,40.063,2519,7/8/2020,58,10.1,19.4,28.7,23.7,943.9,
5,H03,5/12/2020,7/26/2020,7/26/2020,-105.3962,40.063,2519,7/9/2020,59,10.5,19.2,28,23,966.9,
5,H03,5/12/2020,7/26/2020,7/26/2020,-105.3962,40.063,2519,7/10/2020,60,9.7,18.5,27.3,22.3,989.2,
5,H03,5/12/2020,7/26/2020,7/26/2020,-105.3962,40.063,2519,7/11/2020,61,10,20.2,30.4,25.4,1014.6,
5,H03,5/12/2020,7/26/2020,7/26/2020,-105.3962,40.063,2519,7/12/2020,62,10.4,19.4,28.5,23.5,1038.1,
5,H03,5/12/2020,7/26/2020,7/26/2020,-105.3962,40.063,2519,7/13/2020,63,14.3,21.5,28.8,23.8,1061.9,
5,H03,5/12/2020,7/26/2020,7/26/2020,-105.3962,40.063,2519,7/14/2020,64,13.3,21.4,29.4,24.4,1086.3,
5,H03,5/12/2020,7/26/2020,7/26/2020,-105.3962,40.063,2519,7/15/2020,65,9.6,16.2,22.8,17.8,1104.1,
5,H03,5/12/2020,7/26/2020,7/26/2020,-105.3962,40.063,2519,7/16/2020,66,9.7,15.9,22,17,1121.1,
5,H03,5/12/2020,7/26/2020,7/26/2020,-105.3962,40.063,2519,7/17/2020,67,12.2,20.4,28.5,23.5,1144.6,
5,H03,5/12/2020,7/26/2020,7/26/2020,-105.3962,40.063,2519,7/18/2020,68,14.8,21.3,27.8,22.8,1167.4,
5,H03,5/12/2020,7/26/2020,7/26/2020,-105.3962,40.063,2519,7/19/2020,69,12.1,20.7,29.2,24.2,1191.6,
5,H03,5/12/2020,7/26/2020,7/26/2020,-105.3962,40.063,2519,7/20/2020,70,12,19.5,27.1,22.1,1213.7,
5,H03,5/12/2020,7/26/2020,7/26/2020,-105.3962,40.063,2519,7/21/2020,71,11.3,19.4,27.4,22.4,1236.1,
5,H03,5/12/2020,7/26/2020,7/26/2020,-105.3962,40.063,2519,7/22/2020,72,9.8,18.1,26.3,21.3,1257.4,
5,H03,5/12/2020,7/26/2020,7/26/2020,-105.3962,40.063,2519,7/23/2020,73,11.1,19.4,27.8,22.8,1280.2,
5,H03,5/12/2020,7/26/2020,7/26/2020,-105.3962,40.063,2519,7/24/2020,74,13.1,19.9,26.8,21.8,1302,
5,H03,5/12/2020,7/26/2020,7/26/2020,-105.3962,40.063,2519,7/25/2020,75,11.8,18.1,24.5,19.5,1321.5,
5,H03,5/12/2020,7/26/2020,7/26/2020,-105.3962,40.063,2519,7/26/2020,76,11.6,16.2,20.8,15.8,1337.3,
6,H06,5/12/2020,7/7/2020,7/26/2020,-105.4077,40.0491,2399,5/12/2020,1,-0.3,4.9,10.2,5.2,1,
6,H06,5/12/2020,7/7/2020,7/26/2020,-105.4077,40.0491,2399,5/13/2020,2,2,9.2,16.4,11.4,12.4,
6,H06,5/12/2020,7/7/2020,7/26/2020,-105.4077,40.0491,2399,5/14/2020,3,4.7,12.1,19.4,14.4,26.8,
6,H06,5/12/2020,7/7/2020,7/26/2020,-105.4077,40.0491,2399,5/15/2020,4,4.6,9.8,15,10,36.8,
6,H06,5/12/2020,7/7/2020,7/26/2020,-105.4077,40.0491,2399,5/16/2020,5,4.9,9.4,13.9,8.9,45.7,
6,H06,5/12/2020,7/7/2020,7/26/2020,-105.4077,40.0491,2399,5/17/2020,6,1.6,8.6,15.6,10.6,56.3,
6,H06,5/12/2020,7/7/2020,7/26/2020,-105.4077,40.0491,2399,5/18/2020,7,2.2,10.7,19.2,14.2,70.5,
6,H06,5/12/2020,7/7/2020,7/26/2020,-105.4077,40.0491,2399,5/19/2020,8,7.3,16,24.7,19.7,90.2,
6,H06,5/12/2020,7/7/2020,7/26/2020,-105.4077,40.0491,2399,5/20/2020,9,8.6,17,25.5,20.5,110.7,
6,H06,5/12/2020,7/7/2020,7/26/2020,-105.4077,40.0491,2399,5/21/2020,10,3.1,13.6,24.2,19.2,129.9,
6,H06,5/12/2020,7/7/2020,7/26/2020,-105.4077,40.0491,2399,5/22/2020,11,3.2,10.5,17.8,12.8,142.7,
6,H06,5/12/2020,7/7/2020,7/26/2020,-105.4077,40.0491,2399,5/23/2020,12,4.3,13,21.7,16.7,159.4,
6,H06,5/12/2020,7/7/2020,7/26/2020,-105.4077,40.0491,2399,5/24/2020,13,4.2,11.3,18.4,13.4,172.8,
6,H06,5/12/2020,7/7/2020,7/26/2020,-105.4077,40.0491,2399,5/25/2020,14,0.3,4,7.8,2.8,175.6,
6,H06,5/12/2020,7/7/2020,7/26/2020,-105.4077,40.0491,2399,5/26/2020,15,0.4,6.1,11.9,6.9,182.5,
6,H06,5/12/2020,7/7/2020,7/26/2020,-105.4077,40.0491,2399,5/27/2020,16,4.8,12,19.2,14.2,196.7,
6,H06,5/12/2020,7/7/2020,7/26/2020,-105.4077,40.0491,2399,5/28/2020,17,6.8,13.9,20.9,15.9,212.6,
6,H06,5/12/2020,7/7/2020,7/26/2020,-105.4077,40.0491,2399,5/29/2020,18,6.3,12.3,18.2,13.2,225.8,
6,H06,5/12/2020,7/7/2020,7/26/2020,-105.4077,40.0491,2399,5/30/2020,19,8,16,23.9,18.9,244.7,
6,H06,5/12/2020,7/7/2020,7/26/2020,-105.4077,40.0491,2399,5/31/2020,20,8.5,15.9,23.2,18.2,262.9,
6,H06,5/12/2020,7/7/2020,7/26/2020,-105.4077,40.0491,2399,6/1/2020,21,9.2,17.2,25.1,20.1,283,
6,H06,5/12/2020,7/7/2020,7/26/2020,-105.4077,40.0491,2399,6/2/2020,22,12.4,19.6,26.9,21.9,304.9,
6,H06,5/12/2020,7/7/2020,7/26/2020,-105.4077,40.0491,2399,6/3/2020,23,10,17.6,25.1,20.1,325,
6,H06,5/12/2020,7/7/2020,7/26/2020,-105.4077,40.0491,2399,6/4/2020,24,9.9,18,26.1,21.1,346.1,
6,H06,5/12/2020,7/7/2020,7/26/2020,-105.4077,40.0491,2399,6/5/2020,25,10.9,18.2,25.4,20.4,366.5,
6,H06,5/12/2020,7/7/2020,7/26/2020,-105.4077,40.0491,2399,6/6/2020,26,11.1,19.7,28.3,23.3,389.8,
6,H06,5/12/2020,7/7/2020,7/26/2020,-105.4077,40.0491,2399,6/7/2020,27,7.8,15,22.2,17.2,407,
6,H06,5/12/2020,7/7/2020,7/26/2020,-105.4077,40.0491,2399,6/8/2020,28,6.4,16.2,26,21,428,
6,H06,5/12/2020,7/7/2020,7/26/2020,-105.4077,40.0491,2399,6/9/2020,29,1.2,9.2,17.3,12.3,440.3,
6,H06,5/12/2020,7/7/2020,7/26/2020,-105.4077,40.0491,2399,6/10/2020,30,1.8,7.1,12.4,7.4,447.7,
6,H06,5/12/2020,7/7/2020,7/26/2020,-105.4077,40.0491,2399,6/11/2020,31,4.3,11.5,18.7,13.7,461.4,
6,H06,5/12/2020,7/7/2020,7/26/2020,-105.4077,40.0491,2399,6/12/2020,32,6.7,14.4,22.2,17.2,478.6,
6,H06,5/12/2020,7/7/2020,7/26/2020,-105.4077,40.0491,2399,6/13/2020,33,7.9,17.3,26.7,21.7,500.3,
6,H06,5/12/2020,7/7/2020,7/26/2020,-105.4077,40.0491,2399,6/14/2020,34,10.1,17.4,24.6,19.6,519.9,
6,H06,5/12/2020,7/7/2020,7/26/2020,-105.4077,40.0491,2399,6/15/2020,35,10.3,18.6,26.8,21.8,541.7,
6,H06,5/12/2020,7/7/2020,7/26/2020,-105.4077,40.0491,2399,6/16/2020,36,10.6,18.6,26.6,21.6,563.3,
6,H06,5/12/2020,7/7/2020,7/26/2020,-105.4077,40.0491,2399,6/17/2020,37,9.5,18.7,27.8,22.8,586.1,
6,H06,5/12/2020,7/7/2020,7/26/2020,-105.4077,40.0491,2399,6/18/2020,38,6.2,16.9,27.5,22.5,608.6,
6,H06,5/12/2020,7/7/2020,7/26/2020,-105.4077,40.0491,2399,6/19/2020,39,5.5,10.7,15.9,10.9,619.5,
6,H06,5/12/2020,7/7/2020,7/26/2020,-105.4077,40.0491,2399,6/20/2020,40,4.4,8.9,13.5,8.5,628,
6,H06,5/12/2020,7/7/2020,7/26/2020,-105.4077,40.0491,2399,6/21/2020,41,6.4,15.1,23.8,18.8,646.8,
6,H06,5/12/2020,7/7/2020,7/26/2020,-105.4077,40.0491,2399,6/22/2020,42,7.4,14.6,21.7,16.7,663.5,
6,H06,5/12/2020,7/7/2020,7/26/2020,-105.4077,40.0491,2399,6/23/2020,43,7.8,14.7,21.6,16.6,680.1,
6,H06,5/12/2020,7/7/2020,7/26/2020,-105.4077,40.0491,2399,6/24/2020,44,8.2,15.7,23.3,18.3,698.4,
6,H06,5/12/2020,7/7/2020,7/26/2020,-105.4077,40.0491,2399,6/25/2020,45,10,18.2,26.4,21.4,719.8,
6,H06,5/12/2020,7/7/2020,7/26/2020,-105.4077,40.0491,2399,6/26/2020,46,9.4,18.4,27.4,22.4,742.2,
6,H06,5/12/2020,7/7/2020,7/26/2020,-105.4077,40.0491,2399,6/27/2020,47,8.9,15.6,22.3,17.3,759.5,
6,H06,5/12/2020,7/7/2020,7/26/2020,-105.4077,40.0491,2399,6/28/2020,48,10.1,18.1,26.1,21.1,780.6,
6,H06,5/12/2020,7/7/2020,7/26/2020,-105.4077,40.0491,2399,6/29/2020,49,11.3,18.6,25.8,20.8,801.4,
6,H06,5/12/2020,7/7/2020,7/26/2020,-105.4077,40.0491,2399,6/30/2020,50,10.7,19,27.2,22.2,823.6,
6,H06,5/12/2020,7/7/2020,7/26/2020,-105.4077,40.0491,2399,7/1/2020,51,7.1,14.1,21,16,839.6,
6,H06,5/12/2020,7/7/2020,7/26/2020,-105.4077,40.0491,2399,7/2/2020,52,6.9,15.7,24.5,19.5,859.1,
6,H06,5/12/2020,7/7/2020,7/26/2020,-105.4077,40.0491,2399,7/3/2020,53,11.5,19.7,28,23,882.1,
6,H06,5/12/2020,7/7/2020,7/26/2020,-105.4077,40.0491,2399,7/4/2020,54,12.3,19.5,26.7,21.7,903.8,
6,H06,5/12/2020,7/7/2020,7/26/2020,-105.4077,40.0491,2399,7/5/2020,55,10.5,18.3,26.1,21.1,924.9,
6,H06,5/12/2020,7/7/2020,7/26/2020,-105.4077,40.0491,2399,7/6/2020,56,11.4,19.1,26.7,21.7,946.6,
6,H06,5/12/2020,7/7/2020,7/26/2020,-105.4077,40.0491,2399,7/7/2020,57,13.5,21.2,28.9,23.9,970.5,
7,H09,5/13/2020,7/8/2020,7/27/2020,-105.4028,40.0313,2399,5/13/2020,1,2,9.2,16.4,11.4,1,
7,H09,5/13/2020,7/8/2020,7/27/2020,-105.4028,40.0313,2399,5/14/2020,2,4.7,12.1,19.4,14.4,15.4,
7,H09,5/13/2020,7/8/2020,7/27/2020,-105.4028,40.0313,2399,5/15/2020,3,4.6,9.8,15,10,25.4,
7,H09,5/13/2020,7/8/2020,7/27/2020,-105.4028,40.0313,2399,5/16/2020,4,4.9,9.4,13.9,8.9,34.3,
7,H09,5/13/2020,7/8/2020,7/27/2020,-105.4028,40.0313,2399,5/17/2020,5,1.6,8.6,15.6,10.6,44.9,
7,H09,5/13/2020,7/8/2020,7/27/2020,-105.4028,40.0313,2399,5/18/2020,6,2.2,10.7,19.2,14.2,59.1,
7,H09,5/13/2020,7/8/2020,7/27/2020,-105.4028,40.0313,2399,5/19/2020,7,7.3,16,24.7,19.7,78.8,
7,H09,5/13/2020,7/8/2020,7/27/2020,-105.4028,40.0313,2399,5/20/2020,8,8.6,17,25.5,20.5,99.3,
7,H09,5/13/2020,7/8/2020,7/27/2020,-105.4028,40.0313,2399,5/21/2020,9,3.1,13.6,24.2,19.2,118.5,
7,H09,5/13/2020,7/8/2020,7/27/2020,-105.4028,40.0313,2399,5/22/2020,10,3.2,10.5,17.8,12.8,131.3,
7,H09,5/13/2020,7/8/2020,7/27/2020,-105.4028,40.0313,2399,5/23/2020,11,4.3,13,21.7,16.7,148,
7,H09,5/13/2020,7/8/2020,7/27/2020,-105.4028,40.0313,2399,5/24/2020,12,4.2,11.3,18.4,13.4,161.4,
7,H09,5/13/2020,7/8/2020,7/27/2020,-105.4028,40.0313,2399,5/25/2020,13,0.3,4,7.8,2.8,164.2,
7,H09,5/13/2020,7/8/2020,7/27/2020,-105.4028,40.0313,2399,5/26/2020,14,0.4,6.1,11.9,6.9,171.1,
7,H09,5/13/2020,7/8/2020,7/27/2020,-105.4028,40.0313,2399,5/27/2020,15,4.8,12,19.2,14.2,185.3,
7,H09,5/13/2020,7/8/2020,7/27/2020,-105.4028,40.0313,2399,5/28/2020,16,6.8,13.9,20.9,15.9,201.2,
7,H09,5/13/2020,7/8/2020,7/27/2020,-105.4028,40.0313,2399,5/29/2020,17,6.3,12.3,18.2,13.2,214.4,
7,H09,5/13/2020,7/8/2020,7/27/2020,-105.4028,40.0313,2399,5/30/2020,18,8,16,23.9,18.9,233.3,
7,H09,5/13/2020,7/8/2020,7/27/2020,-105.4028,40.0313,2399,5/31/2020,19,8.5,15.9,23.2,18.2,251.5,
7,H09,5/13/2020,7/8/2020,7/27/2020,-105.4028,40.0313,2399,6/1/2020,20,9.2,17.2,25.1,20.1,271.6,
7,H09,5/13/2020,7/8/2020,7/27/2020,-105.4028,40.0313,2399,6/2/2020,21,12.4,19.6,26.9,21.9,293.5,
7,H09,5/13/2020,7/8/2020,7/27/2020,-105.4028,40.0313,2399,6/3/2020,22,10,17.6,25.1,20.1,313.6,
7,H09,5/13/2020,7/8/2020,7/27/2020,-105.4028,40.0313,2399,6/4/2020,23,9.9,18,26.1,21.1,334.7,
7,H09,5/13/2020,7/8/2020,7/27/2020,-105.4028,40.0313,2399,6/5/2020,24,10.9,18.2,25.4,20.4,355.1,
7,H09,5/13/2020,7/8/2020,7/27/2020,-105.4028,40.0313,2399,6/6/2020,25,11.1,19.7,28.3,23.3,378.4,
7,H09,5/13/2020,7/8/2020,7/27/2020,-105.4028,40.0313,2399,6/7/2020,26,7.8,15,22.2,17.2,395.6,
7,H09,5/13/2020,7/8/2020,7/27/2020,-105.4028,40.0313,2399,6/8/2020,27,6.4,16.2,26,21,416.6,
7,H09,5/13/2020,7/8/2020,7/27/2020,-105.4028,40.0313,2399,6/9/2020,28,1.2,9.2,17.3,12.3,428.9,
7,H09,5/13/2020,7/8/2020,7/27/2020,-105.4028,40.0313,2399,6/10/2020,29,1.8,7.1,12.4,7.4,436.3,
7,H09,5/13/2020,7/8/2020,7/27/2020,-105.4028,40.0313,2399,6/11/2020,30,4.3,11.5,18.7,13.7,450,
7,H09,5/13/2020,7/8/2020,7/27/2020,-105.4028,40.0313,2399,6/12/2020,31,6.7,14.4,22.2,17.2,467.2,
7,H09,5/13/2020,7/8/2020,7/27/2020,-105.4028,40.0313,2399,6/13/2020,32,7.9,17.3,26.7,21.7,488.9,
7,H09,5/13/2020,7/8/2020,7/27/2020,-105.4028,40.0313,2399,6/14/2020,33,10.1,17.4,24.6,19.6,508.5,
7,H09,5/13/2020,7/8/2020,7/27/2020,-105.4028,40.0313,2399,6/15/2020,34,10.3,18.6,26.8,21.8,530.3,
7,H09,5/13/2020,7/8/2020,7/27/2020,-105.4028,40.0313,2399,6/16/2020,35,10.6,18.6,26.6,21.6,551.9,
7,H09,5/13/2020,7/8/2020,7/27/2020,-105.4028,40.0313,2399,6/17/2020,36,9.5,18.7,27.8,22.8,574.7,
7,H09,5/13/2020,7/8/2020,7/27/2020,-105.4028,40.0313,2399,6/18/2020,37,6.2,16.9,27.5,22.5,597.2,
7,H09,5/13/2020,7/8/2020,7/27/2020,-105.4028,40.0313,2399,6/19/2020,38,5.5,10.7,15.9,10.9,608.1,
7,H09,5/13/2020,7/8/2020,7/27/2020,-105.4028,40.0313,2399,6/20/2020,39,4.4,8.9,13.5,8.5,616.6,
7,H09,5/13/2020,7/8/2020,7/27/2020,-105.4028,40.0313,2399,6/21/2020,40,6.4,15.1,23.8,18.8,635.4,
7,H09,5/13/2020,7/8/2020,7/27/2020,-105.4028,40.0313,2399,6/22/2020,41,7.4,14.6,21.7,16.7,652.1,
7,H09,5/13/2020,7/8/2020,7/27/2020,-105.4028,40.0313,2399,6/23/2020,42,7.8,14.7,21.6,16.6,668.7,
7,H09,5/13/2020,7/8/2020,7/27/2020,-105.4028,40.0313,2399,6/24/2020,43,8.2,15.7,23.3,18.3,687,
7,H09,5/13/2020,7/8/2020,7/27/2020,-105.4028,40.0313,2399,6/25/2020,44,10,18.2,26.4,21.4,708.4,
7,H09,5/13/2020,7/8/2020,7/27/2020,-105.4028,40.0313,2399,6/26/2020,45,9.4,18.4,27.4,22.4,730.8,
7,H09,5/13/2020,7/8/2020,7/27/2020,-105.4028,40.0313,2399,6/27/2020,46,8.9,15.6,22.3,17.3,748.1,
7,H09,5/13/2020,7/8/2020,7/27/2020,-105.4028,40.0313,2399,6/28/2020,47,10.1,18.1,26.1,21.1,769.2,
7,H09,5/13/2020,7/8/2020,7/27/2020,-105.4028,40.0313,2399,6/29/2020,48,11.3,18.6,25.8,20.8,790,
7,H09,5/13/2020,7/8/2020,7/27/2020,-105.4028,40.0313,2399,6/30/2020,49,10.7,19,27.2,22.2,812.2,
7,H09,5/13/2020,7/8/2020,7/27/2020,-105.4028,40.0313,2399,7/1/2020,50,7.1,14.1,21,16,828.2,
7,H09,5/13/2020,7/8/2020,7/27/2020,-105.4028,40.0313,2399,7/2/2020,51,6.9,15.7,24.5,19.5,847.7,
7,H09,5/13/2020,7/8/2020,7/27/2020,-105.4028,40.0313,2399,7/3/2020,52,11.5,19.7,28,23,870.7,
7,H09,5/13/2020,7/8/2020,7/27/2020,-105.4028,40.0313,2399,7/4/2020,53,12.3,19.5,26.7,21.7,892.4,
7,H09,5/13/2020,7/8/2020,7/27/2020,-105.4028,40.0313,2399,7/5/2020,54,10.5,18.3,26.1,21.1,913.5,
7,H09,5/13/2020,7/8/2020,7/27/2020,-105.4028,40.0313,2399,7/6/2020,55,11.4,19.1,26.7,21.7,935.2,
7,H09,5/13/2020,7/8/2020,7/27/2020,-105.4028,40.0313,2399,7/7/2020,56,13.5,21.2,28.9,23.9,959.1,
7,H09,5/13/2020,7/8/2020,7/27/2020,-105.4028,40.0313,2399,7/8/2020,57,11.5,20.7,29.8,24.8,983.9,
8,H15,5/13/2020,7/10/2020,7/27/2020,-105.3008,39.9622,2143,5/13/2020,1,2.7,10,17.4,12.4,1,
8,H15,5/13/2020,7/10/2020,7/27/2020,-105.3008,39.9622,2143,5/14/2020,2,5.8,14,22.2,17.2,18.2,
8,H15,5/13/2020,7/10/2020,7/27/2020,-105.3008,39.9622,2143,5/15/2020,3,7.5,12,16.6,11.6,29.8,
8,H15,5/13/2020,7/10/2020,7/27/2020,-105.3008,39.9622,2143,5/16/2020,4,6.8,11.2,15.5,10.5,40.3,
8,H15,5/13/2020,7/10/2020,7/27/2020,-105.3008,39.9622,2143,5/17/2020,5,3,10.1,17.3,12.3,52.6,
8,H15,5/13/2020,7/10/2020,7/27/2020,-105.3008,39.9622,2143,5/18/2020,6,4.3,12.2,20.1,15.1,67.7,
8,H15,5/13/2020,7/10/2020,7/27/2020,-105.3008,39.9622,2143,5/19/2020,7,8.5,17.4,26.3,21.3,89,
8,H15,5/13/2020,7/10/2020,7/27/2020,-105.3008,39.9622,2143,5/20/2020,8,9.9,18.8,27.7,22.7,111.7,
8,H15,5/13/2020,7/10/2020,7/27/2020,-105.3008,39.9622,2143,5/21/2020,9,4.1,15.3,26.5,21.5,133.2,
8,H15,5/13/2020,7/10/2020,7/27/2020,-105.3008,39.9622,2143,5/22/2020,10,5,12.5,20,15,148.2,
8,H15,5/13/2020,7/10/2020,7/27/2020,-105.3008,39.9622,2143,5/23/2020,11,6.3,15.3,24.3,19.3,167.5,
8,H15,5/13/2020,7/10/2020,7/27/2020,-105.3008,39.9622,2143,5/24/2020,12,6.6,13.9,21.1,16.1,183.6,
8,H15,5/13/2020,7/10/2020,7/27/2020,-105.3008,39.9622,2143,5/25/2020,13,2.7,6.4,10.2,5.2,188.8,
8,H15,5/13/2020,7/10/2020,7/27/2020,-105.3008,39.9622,2143,5/26/2020,14,4.2,9,13.9,8.9,197.7,
8,H15,5/13/2020,7/10/2020,7/27/2020,-105.3008,39.9622,2143,5/27/2020,15,6,13.7,21.3,16.3,214,
8,H15,5/13/2020,7/10/2020,7/27/2020,-105.3008,39.9622,2143,5/28/2020,16,8.3,15.6,23,18,232,
8,H15,5/13/2020,7/10/2020,7/27/2020,-105.3008,39.9622,2143,5/29/2020,17,8.1,13.7,19.2,14.2,246.2,
8,H15,5/13/2020,7/10/2020,7/27/2020,-105.3008,39.9622,2143,5/30/2020,18,10.1,17.9,25.6,20.6,266.8,
8,H15,5/13/2020,7/10/2020,7/27/2020,-105.3008,39.9622,2143,5/31/2020,19,10,17.4,24.7,19.7,286.5,
8,H15,5/13/2020,7/10/2020,7/27/2020,-105.3008,39.9622,2143,6/1/2020,20,10.8,19,27.2,22.2,308.7,
8,H15,5/13/2020,7/10/2020,7/27/2020,-105.3008,39.9622,2143,6/2/2020,21,14.2,21.6,29.1,24.1,332.8,
8,H15,5/13/2020,7/10/2020,7/27/2020,-105.3008,39.9622,2143,6/3/2020,22,11.4,19.3,27.3,22.3,355.1,
8,H15,5/13/2020,7/10/2020,7/27/2020,-105.3008,39.9622,2143,6/4/2020,23,11.5,20,28.5,23.5,378.6,
8,H15,5/13/2020,7/10/2020,7/27/2020,-105.3008,39.9622,2143,6/5/2020,24,12.5,20.3,28.1,23.1,401.7,
8,H15,5/13/2020,7/10/2020,7/27/2020,-105.3008,39.9622,2143,6/6/2020,25,13,21.6,30.1,25.1,426.8,
8,H15,5/13/2020,7/10/2020,7/27/2020,-105.3008,39.9622,2143,6/7/2020,26,8.3,16.9,25.4,20.4,447.2,
8,H15,5/13/2020,7/10/2020,7/27/2020,-105.3008,39.9622,2143,6/8/2020,27,7.6,18.1,28.6,23.6,470.8,
8,H15,5/13/2020,7/10/2020,7/27/2020,-105.3008,39.9622,2143,6/9/2020,28,2.8,11.5,20.3,15.3,486.1,
8,H15,5/13/2020,7/10/2020,7/27/2020,-105.3008,39.9622,2143,6/10/2020,29,4.1,9.8,15.5,10.5,496.6,
8,H15,5/13/2020,7/10/2020,7/27/2020,-105.3008,39.9622,2143,6/11/2020,30,6.2,13.7,21.2,16.2,512.8,
8,H15,5/13/2020,7/10/2020,7/27/2020,-105.3008,39.9622,2143,6/12/2020,31,8.8,16.5,24.1,19.1,531.9,
8,H15,5/13/2020,7/10/2020,7/27/2020,-105.3008,39.9622,2143,6/13/2020,32,9.6,19.1,28.6,23.6,555.5,
8,H15,5/13/2020,7/10/2020,7/27/2020,-105.3008,39.9622,2143,6/14/2020,33,11.9,19.3,26.7,21.7,577.2,
8,H15,5/13/2020,7/10/2020,7/27/2020,-105.3008,39.9622,2143,6/15/2020,34,11.2,20.4,29.6,24.6,601.8,
8,H15,5/13/2020,7/10/2020,7/27/2020,-105.3008,39.9622,2143,6/16/2020,35,12.4,20.8,29.1,24.1,625.9,
8,H15,5/13/2020,7/10/2020,7/27/2020,-105.3008,39.9622,2143,6/17/2020,36,10,20.2,30.4,25.4,651.3,
8,H15,5/13/2020,7/10/2020,7/27/2020,-105.3008,39.9622,2143,6/18/2020,37,7.1,18.5,29.8,24.8,676.1,
8,H15,5/13/2020,7/10/2020,7/27/2020,-105.3008,39.9622,2143,6/19/2020,38,7.3,12.2,17.1,12.1,688.2,
8,H15,5/13/2020,7/10/2020,7/27/2020,-105.3008,39.9622,2143,6/20/2020,39,5.7,10.7,15.7,10.7,698.9,
8,H15,5/13/2020,7/10/2020,7/27/2020,-105.3008,39.9622,2143,6/21/2020,40,8.9,17.6,26.3,21.3,720.2,
8,H15,5/13/2020,7/10/2020,7/27/2020,-105.3008,39.9622,2143,6/22/2020,41,9.4,16.8,24.2,19.2,739.4,
8,H15,5/13/2020,7/10/2020,7/27/2020,-105.3008,39.9622,2143,6/23/2020,42,10,16.8,23.5,18.5,757.9,
8,H15,5/13/2020,7/10/2020,7/27/2020,-105.3008,39.9622,2143,6/24/2020,43,10.2,17.8,25.3,20.3,778.2,
8,H15,5/13/2020,7/10/2020,7/27/2020,-105.3008,39.9622,2143,6/25/2020,44,11.5,20,28.5,23.5,801.7,
8,H15,5/13/2020,7/10/2020,7/27/2020,-105.3008,39.9622,2143,6/26/2020,45,10.9,20.4,29.8,24.8,826.5,
8,H15,5/13/2020,7/10/2020,7/27/2020,-105.3008,39.9622,2143,6/27/2020,46,10.3,17.1,23.8,18.8,845.3,
8,H15,5/13/2020,7/10/2020,7/27/2020,-105.3008,39.9622,2143,6/28/2020,47,11,19.8,28.6,23.6,868.9,
8,H15,5/13/2020,7/10/2020,7/27/2020,-105.3008,39.9622,2143,6/29/2020,48,11.7,19.9,28.1,23.1,892,
8,H15,5/13/2020,7/10/2020,7/27/2020,-105.3008,39.9622,2143,6/30/2020,49,11.9,20.6,29.3,24.3,916.3,
8,H15,5/13/2020,7/10/2020,7/27/2020,-105.3008,39.9622,2143,7/1/2020,50,9.2,16.7,24.1,19.1,935.4,
8,H15,5/13/2020,7/10/2020,7/27/2020,-105.3008,39.9622,2143,7/2/2020,51,9.7,18.1,26.4,21.4,956.8,
8,H15,5/13/2020,7/10/2020,7/27/2020,-105.3008,39.9622,2143,7/3/2020,52,13.7,22.1,30.4,25.4,982.2,
8,H15,5/13/2020,7/10/2020,7/27/2020,-105.3008,39.9622,2143,7/4/2020,53,13.9,21.1,28.3,23.3,1005.5,
8,H15,5/13/2020,7/10/2020,7/27/2020,-105.3008,39.9622,2143,7/5/2020,54,11.8,19.9,28,23,1028.5,
8,H15,5/13/2020,7/10/2020,7/27/2020,-105.3008,39.9622,2143,7/6/2020,55,13.2,20.9,28.6,23.6,1052.1,
8,H15,5/13/2020,7/10/2020,7/27/2020,-105.3008,39.9622,2143,7/7/2020,56,15.7,23.4,31,26,1078.1,
8,H15,5/13/2020,7/10/2020,7/27/2020,-105.3008,39.9622,2143,7/8/2020,57,11.1,21.5,31.9,26.9,1105,
8,H15,5/13/2020,7/10/2020,7/27/2020,-105.3008,39.9622,2143,7/9/2020,58,12.8,22.3,31.8,26.8,1131.8,
8,H15,5/13/2020,7/10/2020,7/27/2020,-105.3008,39.9622,2143,7/10/2020,59,12.8,21.3,29.7,24.7,1156.5,
9,H18,5/13/2020,7/27/2020,7/27/2020,-105.3056,39.9596,2143,5/13/2020,1,2.7,10,17.4,12.4,1,
9,H18,5/13/2020,7/27/2020,7/27/2020,-105.3056,39.9596,2143,5/14/2020,2,5.8,14,22.2,17.2,18.2,
9,H18,5/13/2020,7/27/2020,7/27/2020,-105.3056,39.9596,2143,5/15/2020,3,7.5,12,16.6,11.6,29.8,
9,H18,5/13/2020,7/27/2020,7/27/2020,-105.3056,39.9596,2143,5/16/2020,4,6.8,11.2,15.5,10.5,40.3,
9,H18,5/13/2020,7/27/2020,7/27/2020,-105.3056,39.9596,2143,5/17/2020,5,3,10.1,17.3,12.3,52.6,
9,H18,5/13/2020,7/27/2020,7/27/2020,-105.3056,39.9596,2143,5/18/2020,6,4.3,12.2,20.1,15.1,67.7,
9,H18,5/13/2020,7/27/2020,7/27/2020,-105.3056,39.9596,2143,5/19/2020,7,8.5,17.4,26.3,21.3,89,
9,H18,5/13/2020,7/27/2020,7/27/2020,-105.3056,39.9596,2143,5/20/2020,8,9.9,18.8,27.7,22.7,111.7,
9,H18,5/13/2020,7/27/2020,7/27/2020,-105.3056,39.9596,2143,5/21/2020,9,4.1,15.3,26.5,21.5,133.2,
9,H18,5/13/2020,7/27/2020,7/27/2020,-105.3056,39.9596,2143,5/22/2020,10,5,12.5,20,15,148.2,
9,H18,5/13/2020,7/27/2020,7/27/2020,-105.3056,39.9596,2143,5/23/2020,11,6.3,15.3,24.3,19.3,167.5,
9,H18,5/13/2020,7/27/2020,7/27/2020,-105.3056,39.9596,2143,5/24/2020,12,6.6,13.9,21.1,16.1,183.6,
9,H18,5/13/2020,7/27/2020,7/27/2020,-105.3056,39.9596,2143,5/25/2020,13,2.7,6.4,10.2,5.2,188.8,
9,H18,5/13/2020,7/27/2020,7/27/2020,-105.3056,39.9596,2143,5/26/2020,14,4.2,9,13.9,8.9,197.7,
9,H18,5/13/2020,7/27/2020,7/27/2020,-105.3056,39.9596,2143,5/27/2020,15,6,13.7,21.3,16.3,214,
9,H18,5/13/2020,7/27/2020,7/27/2020,-105.3056,39.9596,2143,5/28/2020,16,8.3,15.6,23,18,232,
9,H18,5/13/2020,7/27/2020,7/27/2020,-105.3056,39.9596,2143,5/29/2020,17,8.1,13.7,19.2,14.2,246.2,
9,H18,5/13/2020,7/27/2020,7/27/2020,-105.3056,39.9596,2143,5/30/2020,18,10.1,17.9,25.6,20.6,266.8,
9,H18,5/13/2020,7/27/2020,7/27/2020,-105.3056,39.9596,2143,5/31/2020,19,10,17.4,24.7,19.7,286.5,
9,H18,5/13/2020,7/27/2020,7/27/2020,-105.3056,39.9596,2143,6/1/2020,20,10.8,19,27.2,22.2,308.7,
9,H18,5/13/2020,7/27/2020,7/27/2020,-105.3056,39.9596,2143,6/2/2020,21,14.2,21.6,29.1,24.1,332.8,
9,H18,5/13/2020,7/27/2020,7/27/2020,-105.3056,39.9596,2143,6/3/2020,22,11.4,19.3,27.3,22.3,355.1,
9,H18,5/13/2020,7/27/2020,7/27/2020,-105.3056,39.9596,2143,6/4/2020,23,11.5,20,28.5,23.5,378.6,
9,H18,5/13/2020,7/27/2020,7/27/2020,-105.3056,39.9596,2143,6/5/2020,24,12.5,20.3,28.1,23.1,401.7,
9,H18,5/13/2020,7/27/2020,7/27/2020,-105.3056,39.9596,2143,6/6/2020,25,13,21.6,30.1,25.1,426.8,
9,H18,5/13/2020,7/27/2020,7/27/2020,-105.3056,39.9596,2143,6/7/2020,26,8.3,16.9,25.4,20.4,447.2,
9,H18,5/13/2020,7/27/2020,7/27/2020,-105.3056,39.9596,2143,6/8/2020,27,7.6,18.1,28.6,23.6,470.8,
9,H18,5/13/2020,7/27/2020,7/27/2020,-105.3056,39.9596,2143,6/9/2020,28,2.8,11.5,20.3,15.3,486.1,
9,H18,5/13/2020,7/27/2020,7/27/2020,-105.3056,39.9596,2143,6/10/2020,29,4.1,9.8,15.5,10.5,496.6,
9,H18,5/13/2020,7/27/2020,7/27/2020,-105.3056,39.9596,2143,6/11/2020,30,6.2,13.7,21.2,16.2,512.8,
9,H18,5/13/2020,7/27/2020,7/27/2020,-105.3056,39.9596,2143,6/12/2020,31,8.8,16.5,24.1,19.1,531.9,
9,H18,5/13/2020,7/27/2020,7/27/2020,-105.3056,39.9596,2143,6/13/2020,32,9.6,19.1,28.6,23.6,555.5,
9,H18,5/13/2020,7/27/2020,7/27/2020,-105.3056,39.9596,2143,6/14/2020,33,11.9,19.3,26.7,21.7,577.2,
9,H18,5/13/2020,7/27/2020,7/27/2020,-105.3056,39.9596,2143,6/15/2020,34,11.2,20.4,29.6,24.6,601.8,
9,H18,5/13/2020,7/27/2020,7/27/2020,-105.3056,39.9596,2143,6/16/2020,35,12.4,20.8,29.1,24.1,625.9,
9,H18,5/13/2020,7/27/2020,7/27/2020,-105.3056,39.9596,2143,6/17/2020,36,10,20.2,30.4,25.4,651.3,
9,H18,5/13/2020,7/27/2020,7/27/2020,-105.3056,39.9596,2143,6/18/2020,37,7.1,18.5,29.8,24.8,676.1,
9,H18,5/13/2020,7/27/2020,7/27/2020,-105.3056,39.9596,2143,6/19/2020,38,7.3,12.2,17.1,12.1,688.2,
9,H18,5/13/2020,7/27/2020,7/27/2020,-105.3056,39.9596,2143,6/20/2020,39,5.7,10.7,15.7,10.7,698.9,
9,H18,5/13/2020,7/27/2020,7/27/2020,-105.3056,39.9596,2143,6/21/2020,40,8.9,17.6,26.3,21.3,720.2,
9,H18,5/13/2020,7/27/2020,7/27/2020,-105.3056,39.9596,2143,6/22/2020,41,9.4,16.8,24.2,19.2,739.4,
9,H18,5/13/2020,7/27/2020,7/27/2020,-105.3056,39.9596,2143,6/23/2020,42,10,16.8,23.5,18.5,757.9,
9,H18,5/13/2020,7/27/2020,7/27/2020,-105.3056,39.9596,2143,6/24/2020,43,10.2,17.8,25.3,20.3,778.2,
9,H18,5/13/2020,7/27/2020,7/27/2020,-105.3056,39.9596,2143,6/25/2020,44,11.5,20,28.5,23.5,801.7,
9,H18,5/13/2020,7/27/2020,7/27/2020,-105.3056,39.9596,2143,6/26/2020,45,10.9,20.4,29.8,24.8,826.5,
9,H18,5/13/2020,7/27/2020,7/27/2020,-105.3056,39.9596,2143,6/27/2020,46,10.3,17.1,23.8,18.8,845.3,
9,H18,5/13/2020,7/27/2020,7/27/2020,-105.3056,39.9596,2143,6/28/2020,47,11,19.8,28.6,23.6,868.9,
9,H18,5/13/2020,7/27/2020,7/27/2020,-105.3056,39.9596,2143,6/29/2020,48,11.7,19.9,28.1,23.1,892,
9,H18,5/13/2020,7/27/2020,7/27/2020,-105.3056,39.9596,2143,6/30/2020,49,11.9,20.6,29.3,24.3,916.3,
9,H18,5/13/2020,7/27/2020,7/27/2020,-105.3056,39.9596,2143,7/1/2020,50,9.2,16.7,24.1,19.1,935.4,
9,H18,5/13/2020,7/27/2020,7/27/2020,-105.3056,39.9596,2143,7/2/2020,51,9.7,18.1,26.4,21.4,956.8,
9,H18,5/13/2020,7/27/2020,7/27/2020,-105.3056,39.9596,2143,7/3/2020,52,13.7,22.1,30.4,25.4,982.2,
9,H18,5/13/2020,7/27/2020,7/27/2020,-105.3056,39.9596,2143,7/4/2020,53,13.9,21.1,28.3,23.3,1005.5,
9,H18,5/13/2020,7/27/2020,7/27/2020,-105.3056,39.9596,2143,7/5/2020,54,11.8,19.9,28,23,1028.5,
9,H18,5/13/2020,7/27/2020,7/27/2020,-105.3056,39.9596,2143,7/6/2020,55,13.2,20.9,28.6,23.6,1052.1,
9,H18,5/13/2020,7/27/2020,7/27/2020,-105.3056,39.9596,2143,7/7/2020,56,15.7,23.4,31,26,1078.1,
9,H18,5/13/2020,7/27/2020,7/27/2020,-105.3056,39.9596,2143,7/8/2020,57,11.1,21.5,31.9,26.9,1105,
9,H18,5/13/2020,7/27/2020,7/27/2020,-105.3056,39.9596,2143,7/9/2020,58,12.8,22.3,31.8,26.8,1131.8,
9,H18,5/13/2020,7/27/2020,7/27/2020,-105.3056,39.9596,2143,7/10/2020,59,12.8,21.3,29.7,24.7,1156.5,
9,H18,5/13/2020,7/27/2020,7/27/2020,-105.3056,39.9596,2143,7/11/2020,60,13.6,23.7,33.9,28.9,1185.4,
9,H18,5/13/2020,7/27/2020,7/27/2020,-105.3056,39.9596,2143,7/12/2020,61,14,22.2,30.4,25.4,1210.8,
9,H18,5/13/2020,7/27/2020,7/27/2020,-105.3056,39.9596,2143,7/13/2020,62,18,24.8,31.6,26.6,1237.4,
9,H18,5/13/2020,7/27/2020,7/27/2020,-105.3056,39.9596,2143,7/14/2020,63,16.5,24.7,32.8,27.8,1265.2,
9,H18,5/13/2020,7/27/2020,7/27/2020,-105.3056,39.9596,2143,7/15/2020,64,11.9,17.5,23,18,1283.2,
9,H18,5/13/2020,7/27/2020,7/27/2020,-105.3056,39.9596,2143,7/16/2020,65,12.7,18.3,24,19,1302.2,
9,H18,5/13/2020,7/27/2020,7/27/2020,-105.3056,39.9596,2143,7/17/2020,66,15.7,23.6,31.4,26.4,1328.6,
9,H18,5/13/2020,7/27/2020,7/27/2020,-105.3056,39.9596,2143,7/18/2020,67,17.4,23.9,30.5,25.5,1354.1,
9,H18,5/13/2020,7/27/2020,7/27/2020,-105.3056,39.9596,2143,7/19/2020,68,13.2,22.9,32.7,27.7,1381.8,
9,H18,5/13/2020,7/27/2020,7/27/2020,-105.3056,39.9596,2143,7/20/2020,69,13.9,21.7,29.6,24.6,1406.4,
9,H18,5/13/2020,7/27/2020,7/27/2020,-105.3056,39.9596,2143,7/21/2020,70,13.1,21.5,29.9,24.9,1431.3,
9,H18,5/13/2020,7/27/2020,7/27/2020,-105.3056,39.9596,2143,7/22/2020,71,11.8,19.6,27.5,22.5,1453.8,
9,H18,5/13/2020,7/27/2020,7/27/2020,-105.3056,39.9596,2143,7/23/2020,72,13.6,22.1,30.6,25.6,1479.4,
9,H18,5/13/2020,7/27/2020,7/27/2020,-105.3056,39.9596,2143,7/24/2020,73,16.6,23.1,29.7,24.7,1504.1,
9,H18,5/13/2020,7/27/2020,7/27/2020,-105.3056,39.9596,2143,7/25/2020,74,14.1,21,28,23,1527.1,
9,H18,5/13/2020,7/27/2020,7/27/2020,-105.3056,39.9596,2143,7/26/2020,75,14,19.4,24.8,19.8,1546.9,
9,H18,5/13/2020,7/27/2020,7/27/2020,-105.3056,39.9596,2143,7/27/2020,76,12,17.8,23.7,18.7,1565.6,
10,T02,5/12/2020,7/2/2020,7/26/2020,-105.3042,40.1509,1910,5/12/2020,1,0.1,5.7,11.2,6.2,1,
10,T02,5/12/2020,7/2/2020,7/26/2020,-105.3042,40.1509,1910,5/13/2020,2,3.4,10.9,18.3,13.3,14.3,
10,T02,5/12/2020,7/2/2020,7/26/2020,-105.3042,40.1509,1910,5/14/2020,3,7.9,15.7,23.4,18.4,32.7,
10,T02,5/12/2020,7/2/2020,7/26/2020,-105.3042,40.1509,1910,5/15/2020,4,8.7,13.6,18.4,13.4,46.1,
10,T02,5/12/2020,7/2/2020,7/26/2020,-105.3042,40.1509,1910,5/16/2020,5,8.4,12.7,17,12,58.1,
10,T02,5/12/2020,7/2/2020,7/26/2020,-105.3042,40.1509,1910,5/17/2020,6,4.8,12,19.2,14.2,72.3,
10,T02,5/12/2020,7/2/2020,7/26/2020,-105.3042,40.1509,1910,5/18/2020,7,5.9,13.7,21.5,16.5,88.8,
10,T02,5/12/2020,7/2/2020,7/26/2020,-105.3042,40.1509,1910,5/19/2020,8,10,19,28,23,111.8,
10,T02,5/12/2020,7/2/2020,7/26/2020,-105.3042,40.1509,1910,5/20/2020,9,11.9,20.6,29.3,24.3,136.1,
10,T02,5/12/2020,7/2/2020,7/26/2020,-105.3042,40.1509,1910,5/21/2020,10,5.1,16.9,28.7,23.7,159.8,
10,T02,5/12/2020,7/2/2020,7/26/2020,-105.3042,40.1509,1910,5/22/2020,11,6.7,14.3,21.8,16.8,176.6,
10,T02,5/12/2020,7/2/2020,7/26/2020,-105.3042,40.1509,1910,5/23/2020,12,8.7,17.1,25.5,20.5,197.1,
10,T02,5/12/2020,7/2/2020,7/26/2020,-105.3042,40.1509,1910,5/24/2020,13,7.8,15.3,22.9,17.9,215,
10,T02,5/12/2020,7/2/2020,7/26/2020,-105.3042,40.1509,1910,5/25/2020,14,3.9,7.7,11.5,6.5,221.5,
10,T02,5/12/2020,7/2/2020,7/26/2020,-105.3042,40.1509,1910,5/26/2020,15,4.1,9.9,15.7,10.7,232.2,
10,T02,5/12/2020,7/2/2020,7/26/2020,-105.3042,40.1509,1910,5/27/2020,16,7,15,23,18,250.2,
10,T02,5/12/2020,7/2/2020,7/26/2020,-105.3042,40.1509,1910,5/28/2020,17,10.5,17.5,24.5,19.5,269.7,
10,T02,5/12/2020,7/2/2020,7/26/2020,-105.3042,40.1509,1910,5/29/2020,18,10.1,15.6,21,16,285.7,
10,T02,5/12/2020,7/2/2020,7/26/2020,-105.3042,40.1509,1910,5/30/2020,19,11.7,19.7,27.6,22.6,308.3,
10,T02,5/12/2020,7/2/2020,7/26/2020,-105.3042,40.1509,1910,5/31/2020,20,12.2,19.3,26.3,21.3,329.6,
10,T02,5/12/2020,7/2/2020,7/26/2020,-105.3042,40.1509,1910,6/1/2020,21,13.1,20.9,28.7,23.7,353.3,
10,T02,5/12/2020,7/2/2020,7/26/2020,-105.3042,40.1509,1910,6/2/2020,22,16.4,23.6,30.9,25.9,379.2,
10,T02,5/12/2020,7/2/2020,7/26/2020,-105.3042,40.1509,1910,6/3/2020,23,14,21.7,29.3,24.3,403.5,
10,T02,5/12/2020,7/2/2020,7/26/2020,-105.3042,40.1509,1910,6/4/2020,24,14.2,22.2,30.2,25.2,428.7,
10,T02,5/12/2020,7/2/2020,7/26/2020,-105.3042,40.1509,1910,6/5/2020,25,15.6,22.4,29.3,24.3,453,
10,T02,5/12/2020,7/2/2020,7/26/2020,-105.3042,40.1509,1910,6/6/2020,26,16.7,24.6,32.6,27.6,480.6,
10,T02,5/12/2020,7/2/2020,7/26/2020,-105.3042,40.1509,1910,6/7/2020,27,10.7,18.6,26.6,21.6,502.2,
10,T02,5/12/2020,7/2/2020,7/26/2020,-105.3042,40.1509,1910,6/8/2020,28,9.6,19.6,29.6,24.6,526.8,
10,T02,5/12/2020,7/2/2020,7/26/2020,-105.3042,40.1509,1910,6/9/2020,29,4.9,13.4,21.8,16.8,543.6,
10,T02,5/12/2020,7/2/2020,7/26/2020,-105.3042,40.1509,1910,6/10/2020,30,5.6,11.4,17.2,12.2,555.8,
10,T02,5/12/2020,7/2/2020,7/26/2020,-105.3042,40.1509,1910,6/11/2020,31,7.8,15.4,22.9,17.9,573.7,
10,T02,5/12/2020,7/2/2020,7/26/2020,-105.3042,40.1509,1910,6/12/2020,32,11.8,19,26.1,21.1,594.8,
10,T02,5/12/2020,7/2/2020,7/26/2020,-105.3042,40.1509,1910,6/13/2020,33,12.9,21.8,30.7,25.7,620.5,
10,T02,5/12/2020,7/2/2020,7/26/2020,-105.3042,40.1509,1910,6/14/2020,34,15.1,21.8,28.4,23.4,643.9,
10,T02,5/12/2020,7/2/2020,7/26/2020,-105.3042,40.1509,1910,6/15/2020,35,13.7,22.2,30.7,25.7,669.6,
10,T02,5/12/2020,7/2/2020,7/26/2020,-105.3042,40.1509,1910,6/16/2020,36,15,22.7,30.5,25.5,695.1,
10,T02,5/12/2020,7/2/2020,7/26/2020,-105.3042,40.1509,1910,6/17/2020,37,12.5,22.2,31.8,26.8,721.9,
10,T02,5/12/2020,7/2/2020,7/26/2020,-105.3042,40.1509,1910,6/18/2020,38,9,20.3,31.6,26.6,748.5,
10,T02,5/12/2020,7/2/2020,7/26/2020,-105.3042,40.1509,1910,6/19/2020,39,9.4,14.5,19.5,14.5,763,
10,T02,5/12/2020,7/2/2020,7/26/2020,-105.3042,40.1509,1910,6/20/2020,40,8.4,12.8,17.1,12.1,775.1,
10,T02,5/12/2020,7/2/2020,7/26/2020,-105.3042,40.1509,1910,6/21/2020,41,10.3,19.1,27.8,22.8,797.9,
10,T02,5/12/2020,7/2/2020,7/26/2020,-105.3042,40.1509,1910,6/22/2020,42,11.1,18.3,25.4,20.4,818.3,
10,T02,5/12/2020,7/2/2020,7/26/2020,-105.3042,40.1509,1910,6/23/2020,43,12.1,18.6,25.2,20.2,838.5,
10,T02,5/12/2020,7/2/2020,7/26/2020,-105.3042,40.1509,1910,6/24/2020,44,12.4,19.8,27.1,22.1,860.6,
10,T02,5/12/2020,7/2/2020,7/26/2020,-105.3042,40.1509,1910,6/25/2020,45,14.2,22.3,30.4,25.4,886,
10,T02,5/12/2020,7/2/2020,7/26/2020,-105.3042,40.1509,1910,6/26/2020,46,13.2,22.1,31,26,912,
10,T02,5/12/2020,7/2/2020,7/26/2020,-105.3042,40.1509,1910,6/27/2020,47,13.1,19.3,25.5,20.5,932.5,
10,T02,5/12/2020,7/2/2020,7/26/2020,-105.3042,40.1509,1910,6/28/2020,48,14.1,22,29.9,24.9,957.4,
10,T02,5/12/2020,7/2/2020,7/26/2020,-105.3042,40.1509,1910,6/29/2020,49,14.6,22.2,29.7,24.7,982.1,
10,T02,5/12/2020,7/2/2020,7/26/2020,-105.3042,40.1509,1910,6/30/2020,50,14.2,22.7,31.2,26.2,1008.3,
10,T02,5/12/2020,7/2/2020,7/26/2020,-105.3042,40.1509,1910,7/1/2020,51,11.1,18.2,25.2,20.2,1028.5,
10,T02,5/12/2020,7/2/2020,7/26/2020,-105.3042,40.1509,1910,7/2/2020,52,11.7,20.1,28.5,23.5,1052,
11,T05,5/12/2020,7/1/2020,7/26/2020,-105.2939,40.1785,1910,5/12/2020,1,0.1,5.7,11.2,6.2,1,
11,T05,5/12/2020,7/1/2020,7/26/2020,-105.2939,40.1785,1910,5/13/2020,2,3.4,10.9,18.3,13.3,14.3,
11,T05,5/12/2020,7/1/2020,7/26/2020,-105.2939,40.1785,1910,5/14/2020,3,7.9,15.7,23.4,18.4,32.7,
11,T05,5/12/2020,7/1/2020,7/26/2020,-105.2939,40.1785,1910,5/15/2020,4,8.7,13.6,18.4,13.4,46.1,
11,T05,5/12/2020,7/1/2020,7/26/2020,-105.2939,40.1785,1910,5/16/2020,5,8.4,12.7,17,12,58.1,
11,T05,5/12/2020,7/1/2020,7/26/2020,-105.2939,40.1785,1910,5/17/2020,6,4.8,12,19.2,14.2,72.3,
11,T05,5/12/2020,7/1/2020,7/26/2020,-105.2939,40.1785,1910,5/18/2020,7,5.9,13.7,21.5,16.5,88.8,
11,T05,5/12/2020,7/1/2020,7/26/2020,-105.2939,40.1785,1910,5/19/2020,8,10,19,28,23,111.8,
11,T05,5/12/2020,7/1/2020,7/26/2020,-105.2939,40.1785,1910,5/20/2020,9,11.9,20.6,29.3,24.3,136.1,
11,T05,5/12/2020,7/1/2020,7/26/2020,-105.2939,40.1785,1910,5/21/2020,10,5.1,16.9,28.7,23.7,159.8,
11,T05,5/12/2020,7/1/2020,7/26/2020,-105.2939,40.1785,1910,5/22/2020,11,6.7,14.3,21.8,16.8,176.6,
11,T05,5/12/2020,7/1/2020,7/26/2020,-105.2939,40.1785,1910,5/23/2020,12,8.7,17.1,25.5,20.5,197.1,
11,T05,5/12/2020,7/1/2020,7/26/2020,-105.2939,40.1785,1910,5/24/2020,13,7.8,15.3,22.9,17.9,215,
11,T05,5/12/2020,7/1/2020,7/26/2020,-105.2939,40.1785,1910,5/25/2020,14,3.9,7.7,11.5,6.5,221.5,
11,T05,5/12/2020,7/1/2020,7/26/2020,-105.2939,40.1785,1910,5/26/2020,15,4.1,9.9,15.7,10.7,232.2,
11,T05,5/12/2020,7/1/2020,7/26/2020,-105.2939,40.1785,1910,5/27/2020,16,7,15,23,18,250.2,
11,T05,5/12/2020,7/1/2020,7/26/2020,-105.2939,40.1785,1910,5/28/2020,17,10.5,17.5,24.5,19.5,269.7,
11,T05,5/12/2020,7/1/2020,7/26/2020,-105.2939,40.1785,1910,5/29/2020,18,10.1,15.6,21,16,285.7,
11,T05,5/12/2020,7/1/2020,7/26/2020,-105.2939,40.1785,1910,5/30/2020,19,11.7,19.7,27.6,22.6,308.3,
11,T05,5/12/2020,7/1/2020,7/26/2020,-105.2939,40.1785,1910,5/31/2020,20,12.2,19.3,26.3,21.3,329.6,
11,T05,5/12/2020,7/1/2020,7/26/2020,-105.2939,40.1785,1910,6/1/2020,21,13.1,20.9,28.7,23.7,353.3,
11,T05,5/12/2020,7/1/2020,7/26/2020,-105.2939,40.1785,1910,6/2/2020,22,16.4,23.6,30.9,25.9,379.2,
11,T05,5/12/2020,7/1/2020,7/26/2020,-105.2939,40.1785,1910,6/3/2020,23,14,21.7,29.3,24.3,403.5,
11,T05,5/12/2020,7/1/2020,7/26/2020,-105.2939,40.1785,1910,6/4/2020,24,14.2,22.2,30.2,25.2,428.7,
11,T05,5/12/2020,7/1/2020,7/26/2020,-105.2939,40.1785,1910,6/5/2020,25,15.6,22.4,29.3,24.3,453,
11,T05,5/12/2020,7/1/2020,7/26/2020,-105.2939,40.1785,1910,6/6/2020,26,16.7,24.6,32.6,27.6,480.6,
11,T05,5/12/2020,7/1/2020,7/26/2020,-105.2939,40.1785,1910,6/7/2020,27,10.7,18.6,26.6,21.6,502.2,
11,T05,5/12/2020,7/1/2020,7/26/2020,-105.2939,40.1785,1910,6/8/2020,28,9.6,19.6,29.6,24.6,526.8,
11,T05,5/12/2020,7/1/2020,7/26/2020,-105.2939,40.1785,1910,6/9/2020,29,4.9,13.4,21.8,16.8,543.6,
11,T05,5/12/2020,7/1/2020,7/26/2020,-105.2939,40.1785,1910,6/10/2020,30,5.6,11.4,17.2,12.2,555.8,
11,T05,5/12/2020,7/1/2020,7/26/2020,-105.2939,40.1785,1910,6/11/2020,31,7.8,15.4,22.9,17.9,573.7,
11,T05,5/12/2020,7/1/2020,7/26/2020,-105.2939,40.1785,1910,6/12/2020,32,11.8,19,26.1,21.1,594.8,
11,T05,5/12/2020,7/1/2020,7/26/2020,-105.2939,40.1785,1910,6/13/2020,33,12.9,21.8,30.7,25.7,620.5,
11,T05,5/12/2020,7/1/2020,7/26/2020,-105.2939,40.1785,1910,6/14/2020,34,15.1,21.8,28.4,23.4,643.9,
11,T05,5/12/2020,7/1/2020,7/26/2020,-105.2939,40.1785,1910,6/15/2020,35,13.7,22.2,30.7,25.7,669.6,
11,T05,5/12/2020,7/1/2020,7/26/2020,-105.2939,40.1785,1910,6/16/2020,36,15,22.7,30.5,25.5,695.1,
11,T05,5/12/2020,7/1/2020,7/26/2020,-105.2939,40.1785,1910,6/17/2020,37,12.5,22.2,31.8,26.8,721.9,
11,T05,5/12/2020,7/1/2020,7/26/2020,-105.2939,40.1785,1910,6/18/2020,38,9,20.3,31.6,26.6,748.5,
11,T05,5/12/2020,7/1/2020,7/26/2020,-105.2939,40.1785,1910,6/19/2020,39,9.4,14.5,19.5,14.5,763,
11,T05,5/12/2020,7/1/2020,7/26/2020,-105.2939,40.1785,1910,6/20/2020,40,8.4,12.8,17.1,12.1,775.1,
11,T05,5/12/2020,7/1/2020,7/26/2020,-105.2939,40.1785,1910,6/21/2020,41,10.3,19.1,27.8,22.8,797.9,
11,T05,5/12/2020,7/1/2020,7/26/2020,-105.2939,40.1785,1910,6/22/2020,42,11.1,18.3,25.4,20.4,818.3,
11,T05,5/12/2020,7/1/2020,7/26/2020,-105.2939,40.1785,1910,6/23/2020,43,12.1,18.6,25.2,20.2,838.5,
11,T05,5/12/2020,7/1/2020,7/26/2020,-105.2939,40.1785,1910,6/24/2020,44,12.4,19.8,27.1,22.1,860.6,
11,T05,5/12/2020,7/1/2020,7/26/2020,-105.2939,40.1785,1910,6/25/2020,45,14.2,22.3,30.4,25.4,886,
11,T05,5/12/2020,7/1/2020,7/26/2020,-105.2939,40.1785,1910,6/26/2020,46,13.2,22.1,31,26,912,
11,T05,5/12/2020,7/1/2020,7/26/2020,-105.2939,40.1785,1910,6/27/2020,47,13.1,19.3,25.5,20.5,932.5,
11,T05,5/12/2020,7/1/2020,7/26/2020,-105.2939,40.1785,1910,6/28/2020,48,14.1,22,29.9,24.9,957.4,
11,T05,5/12/2020,7/1/2020,7/26/2020,-105.2939,40.1785,1910,6/29/2020,49,14.6,22.2,29.7,24.7,982.1,
11,T05,5/12/2020,7/1/2020,7/26/2020,-105.2939,40.1785,1910,6/30/2020,50,14.2,22.7,31.2,26.2,1008.3,
11,T05,5/12/2020,7/1/2020,7/26/2020,-105.2939,40.1785,1910,7/1/2020,51,11.1,18.2,25.2,20.2,1028.5,"1 nest, 6 larvae & 1 T.stan collected 7/26, 20 brood & 5 T. stan collected 7/1"
11,T05,5/12/2020,7/1/2020,7/26/2020,-105.2939,40.1785,1910,7/2/2020,52,11.7,20.1,28.5,23.5,1052,
11,T05,5/12/2020,7/1/2020,7/26/2020,-105.2939,40.1785,1910,7/3/2020,53,15.7,24,32.4,27.4,1079.4,
11,T05,5/12/2020,7/1/2020,7/26/2020,-105.2939,40.1785,1910,7/4/2020,54,15.7,22.9,30.2,25.2,1104.6,
11,T05,5/12/2020,7/1/2020,7/26/2020,-105.2939,40.1785,1910,7/5/2020,55,13.7,21.9,30,25,1129.6,
11,T05,5/12/2020,7/1/2020,7/26/2020,-105.2939,40.1785,1910,7/6/2020,56,15.3,22.7,30.1,25.1,1154.7,
11,T05,5/12/2020,7/1/2020,7/26/2020,-105.2939,40.1785,1910,7/7/2020,57,17.6,25.2,32.7,27.7,1182.4,
11,T05,5/12/2020,7/1/2020,7/26/2020,-105.2939,40.1785,1910,7/8/2020,58,14.3,23.9,33.5,28.5,1210.9,
11,T05,5/12/2020,7/1/2020,7/26/2020,-105.2939,40.1785,1910,7/9/2020,59,16.1,24.8,33.5,28.5,1239.4,
11,T05,5/12/2020,7/1/2020,7/26/2020,-105.2939,40.1785,1910,7/10/2020,60,15.8,23.8,31.9,26.9,1266.3,
11,T05,5/12/2020,7/1/2020,7/26/2020,-105.2939,40.1785,1910,7/11/2020,61,16,25.7,35.5,30.5,1296.8,
11,T05,5/12/2020,7/1/2020,7/26/2020,-105.2939,40.1785,1910,7/12/2020,62,15.8,24,32.1,27.1,1323.9,
11,T05,5/12/2020,7/1/2020,7/26/2020,-105.2939,40.1785,1910,7/13/2020,63,19.3,25.9,32.5,27.5,1351.4,
11,T05,5/12/2020,7/1/2020,7/26/2020,-105.2939,40.1785,1910,7/14/2020,64,18.8,26.5,34.2,29.2,1380.6,MeanDay betwen 2 collections. 1364.6 is Mean LastDay DD
11,T05,5/12/2020,7/1/2020,7/26/2020,-105.2939,40.1785,1910,7/15/2020,65,13.8,19.1,24.3,19.3,1399.9,
11,T05,5/12/2020,7/1/2020,7/26/2020,-105.2939,40.1785,1910,7/16/2020,66,15.3,20.2,25.2,20.2,1420.1,
11,T05,5/12/2020,7/1/2020,7/26/2020,-105.2939,40.1785,1910,7/17/2020,67,17.3,25.3,33.4,28.4,1448.5,
11,T05,5/12/2020,7/1/2020,7/26/2020,-105.2939,40.1785,1910,7/18/2020,68,19.2,26,32.8,27.8,1476.3,
11,T05,5/12/2020,7/1/2020,7/26/2020,-105.2939,40.1785,1910,7/19/2020,69,15.5,24.8,34.1,29.1,1505.4,
11,T05,5/12/2020,7/1/2020,7/26/2020,-105.2939,40.1785,1910,7/20/2020,70,16.3,23.4,30.5,25.5,1530.9,
11,T05,5/12/2020,7/1/2020,7/26/2020,-105.2939,40.1785,1910,7/21/2020,71,14.9,23.3,31.7,26.7,1557.6,
11,T05,5/12/2020,7/1/2020,7/26/2020,-105.2939,40.1785,1910,7/22/2020,72,13.7,21.6,29.5,24.5,1582.1,
11,T05,5/12/2020,7/1/2020,7/26/2020,-105.2939,40.1785,1910,7/23/2020,73,15.3,23.5,31.7,26.7,1608.8,
11,T05,5/12/2020,7/1/2020,7/26/2020,-105.2939,40.1785,1910,7/24/2020,74,18.5,25.1,31.8,26.8,1635.6,
11,T05,5/12/2020,7/1/2020,7/26/2020,-105.2939,40.1785,1910,7/25/2020,75,16.7,22.9,29.1,24.1,1659.7,
11,T05,5/12/2020,7/1/2020,7/26/2020,-105.2939,40.1785,1910,7/26/2020,76,16.8,21.5,26.2,21.2,1680.9,
11,T05,5/12/2020,7/1/2020,7/26/2020,-105.2939,40.1785,1910,7/27/2020,77,13.9,19.3,24.8,19.8,1700.7,
12,T08,5/12/2020,7/3/2020,7/26/2020,-105.4011,40.0676,2519,5/12/2020,1,0,4.7,9.5,4.5,1,
12,T08,5/12/2020,7/3/2020,7/26/2020,-105.4011,40.0676,2519,5/13/2020,2,1.7,8.9,16,11,12,
12,T08,5/12/2020,7/3/2020,7/26/2020,-105.4011,40.0676,2519,5/14/2020,3,3.5,10.8,18.2,13.2,25.2,
12,T08,5/12/2020,7/3/2020,7/26/2020,-105.4011,40.0676,2519,5/15/2020,4,3.5,9,14.4,9.4,34.6,
12,T08,5/12/2020,7/3/2020,7/26/2020,-105.4011,40.0676,2519,5/16/2020,5,4,8.5,13,8,42.6,
12,T08,5/12/2020,7/3/2020,7/26/2020,-105.4011,40.0676,2519,5/17/2020,6,0.7,7.8,14.9,9.9,52.5,
12,T08,5/12/2020,7/3/2020,7/26/2020,-105.4011,40.0676,2519,5/18/2020,7,1.3,10.2,19,14,66.5,
12,T08,5/12/2020,7/3/2020,7/26/2020,-105.4011,40.0676,2519,5/19/2020,8,6.1,15.1,24.1,19.1,85.6,
12,T08,5/12/2020,7/3/2020,7/26/2020,-105.4011,40.0676,2519,5/20/2020,9,7.4,15.9,24.5,19.5,105.1,
12,T08,5/12/2020,7/3/2020,7/26/2020,-105.4011,40.0676,2519,5/21/2020,10,2.7,13,23.2,18.2,123.3,
12,T08,5/12/2020,7/3/2020,7/26/2020,-105.4011,40.0676,2519,5/22/2020,11,2,9.4,16.8,11.8,135.1,
12,T08,5/12/2020,7/3/2020,7/26/2020,-105.4011,40.0676,2519,5/23/2020,12,2.7,11.7,20.6,15.6,150.7,
12,T08,5/12/2020,7/3/2020,7/26/2020,-105.4011,40.0676,2519,5/24/2020,13,3.3,10.6,17.8,12.8,163.5,
12,T08,5/12/2020,7/3/2020,7/26/2020,-105.4011,40.0676,2519,5/25/2020,14,-0.5,3.1,6.8,1.8,165.3,
12,T08,5/12/2020,7/3/2020,7/26/2020,-105.4011,40.0676,2519,5/26/2020,15,-0.4,5.4,11.2,6.2,171.5,
12,T08,5/12/2020,7/3/2020,7/26/2020,-105.4011,40.0676,2519,5/27/2020,16,4,11.2,18.4,13.4,184.9,
12,T08,5/12/2020,7/3/2020,7/26/2020,-105.4011,40.0676,2519,5/28/2020,17,5.7,12.9,20.1,15.1,200,
12,T08,5/12/2020,7/3/2020,7/26/2020,-105.4011,40.0676,2519,5/29/2020,18,5.2,11.5,17.8,12.8,212.8,
12,T08,5/12/2020,7/3/2020,7/26/2020,-105.4011,40.0676,2519,5/30/2020,19,6.8,15.2,23.7,18.7,231.5,
12,T08,5/12/2020,7/3/2020,7/26/2020,-105.4011,40.0676,2519,5/31/2020,20,7.3,14.9,22.5,17.5,249,
12,T08,5/12/2020,7/3/2020,7/26/2020,-105.4011,40.0676,2519,6/1/2020,21,8.3,16.2,24.2,19.2,268.2,
12,T08,5/12/2020,7/3/2020,7/26/2020,-105.4011,40.0676,2519,6/2/2020,22,10.9,18.4,26,21,289.2,
12,T08,5/12/2020,7/3/2020,7/26/2020,-105.4011,40.0676,2519,6/3/2020,23,8.7,16.4,24.2,19.2,308.4,
12,T08,5/12/2020,7/3/2020,7/26/2020,-105.4011,40.0676,2519,6/4/2020,24,8.5,16.8,25,20,328.4,
12,T08,5/12/2020,7/3/2020,7/26/2020,-105.4011,40.0676,2519,6/5/2020,25,9.3,16.7,24.2,19.2,347.6,
12,T08,5/12/2020,7/3/2020,7/26/2020,-105.4011,40.0676,2519,6/6/2020,26,9.5,18.5,27.5,22.5,370.1,
12,T08,5/12/2020,7/3/2020,7/26/2020,-105.4011,40.0676,2519,6/7/2020,27,6.7,13.7,20.7,15.7,385.8,
12,T08,5/12/2020,7/3/2020,7/26/2020,-105.4011,40.0676,2519,6/8/2020,28,5.5,15.1,24.7,19.7,405.5,
12,T08,5/12/2020,7/3/2020,7/26/2020,-105.4011,40.0676,2519,6/9/2020,29,0.5,8.3,16.1,11.1,416.6,
12,T08,5/12/2020,7/3/2020,7/26/2020,-105.4011,40.0676,2519,6/10/2020,30,1,5.9,10.8,5.8,422.4,
12,T08,5/12/2020,7/3/2020,7/26/2020,-105.4011,40.0676,2519,6/11/2020,31,3.5,10.5,17.5,12.5,434.9,
12,T08,5/12/2020,7/3/2020,7/26/2020,-105.4011,40.0676,2519,6/12/2020,32,5.1,13.2,21.4,16.4,451.3,
12,T08,5/12/2020,7/3/2020,7/26/2020,-105.4011,40.0676,2519,6/13/2020,33,6.4,16.1,25.7,20.7,472,
12,T08,5/12/2020,7/3/2020,7/26/2020,-105.4011,40.0676,2519,6/14/2020,34,8.8,16.5,24.1,19.1,491.1,
12,T08,5/12/2020,7/3/2020,7/26/2020,-105.4011,40.0676,2519,6/15/2020,35,8.9,17.2,25.6,20.6,511.7,
12,T08,5/12/2020,7/3/2020,7/26/2020,-105.4011,40.0676,2519,6/16/2020,36,8.9,17.2,25.5,20.5,532.2,
12,T08,5/12/2020,7/3/2020,7/26/2020,-105.4011,40.0676,2519,6/17/2020,37,8.4,17.5,26.7,21.7,553.9,
12,T08,5/12/2020,7/3/2020,7/26/2020,-105.4011,40.0676,2519,6/18/2020,38,5.6,16.1,26.5,21.5,575.4,
12,T08,5/12/2020,7/3/2020,7/26/2020,-105.4011,40.0676,2519,6/19/2020,39,4.7,10.1,15.4,10.4,585.8,
12,T08,5/12/2020,7/3/2020,7/26/2020,-105.4011,40.0676,2519,6/20/2020,40,3.2,8,12.8,7.8,593.6,
12,T08,5/12/2020,7/3/2020,7/26/2020,-105.4011,40.0676,2519,6/21/2020,41,5.1,13.8,22.5,17.5,611.1,
12,T08,5/12/2020,7/3/2020,7/26/2020,-105.4011,40.0676,2519,6/22/2020,42,6.6,13.7,20.9,15.9,627,
12,T08,5/12/2020,7/3/2020,7/26/2020,-105.4011,40.0676,2519,6/23/2020,43,6.7,13.7,20.7,15.7,642.7,
12,T08,5/12/2020,7/3/2020,7/26/2020,-105.4011,40.0676,2519,6/24/2020,44,7.1,14.8,22.5,17.5,660.2,
12,T08,5/12/2020,7/3/2020,7/26/2020,-105.4011,40.0676,2519,6/25/2020,45,8.6,17.1,25.5,20.5,680.7,
12,T08,5/12/2020,7/3/2020,7/26/2020,-105.4011,40.0676,2519,6/26/2020,46,8.2,17.2,26.3,21.3,702,
12,T08,5/12/2020,7/3/2020,7/26/2020,-105.4011,40.0676,2519,6/27/2020,47,7.5,14.6,21.7,16.7,718.7,
12,T08,5/12/2020,7/3/2020,7/26/2020,-105.4011,40.0676,2519,6/28/2020,48,8.7,16.7,24.8,19.8,738.5,
12,T08,5/12/2020,7/3/2020,7/26/2020,-105.4011,40.0676,2519,6/29/2020,49,9.7,17.3,24.9,19.9,758.4,
12,T08,5/12/2020,7/3/2020,7/26/2020,-105.4011,40.0676,2519,6/30/2020,50,9.3,17.8,26.2,21.2,779.6,
12,T08,5/12/2020,7/3/2020,7/26/2020,-105.4011,40.0676,2519,7/1/2020,51,6.1,12.9,19.7,14.7,794.3,
12,T08,5/12/2020,7/3/2020,7/26/2020,-105.4011,40.0676,2519,7/2/2020,52,5.8,14.8,23.8,18.8,813.1,
12,T08,5/12/2020,7/3/2020,7/26/2020,-105.4011,40.0676,2519,7/3/2020,53,10.2,18.6,27.1,22.1,835.2,"2 nest, 6 larvae & 1 T.stan collected 7/26, 16 brood collected 7/3"
12,T08,5/12/2020,7/3/2020,7/26/2020,-105.4011,40.0676,2519,7/4/2020,54,11.3,18.6,26,21,856.2,
12,T08,5/12/2020,7/3/2020,7/26/2020,-105.4011,40.0676,2519,7/5/2020,55,9.4,17.3,25.3,20.3,876.5,
12,T08,5/12/2020,7/3/2020,7/26/2020,-105.4011,40.0676,2519,7/6/2020,56,10.2,17.9,25.7,20.7,897.2,
12,T08,5/12/2020,7/3/2020,7/26/2020,-105.4011,40.0676,2519,7/7/2020,57,11.9,20,28,23,920.2,
12,T08,5/12/2020,7/3/2020,7/26/2020,-105.4011,40.0676,2519,7/8/2020,58,10.1,19.4,28.7,23.7,943.9,
12,T08,5/12/2020,7/3/2020,7/26/2020,-105.4011,40.0676,2519,7/9/2020,59,10.5,19.2,28,23,966.9,
12,T08,5/12/2020,7/3/2020,7/26/2020,-105.4011,40.0676,2519,7/10/2020,60,9.7,18.5,27.3,22.3,989.2,
12,T08,5/12/2020,7/3/2020,7/26/2020,-105.4011,40.0676,2519,7/11/2020,61,10,20.2,30.4,25.4,1014.6,
12,T08,5/12/2020,7/3/2020,7/26/2020,-105.4011,40.0676,2519,7/12/2020,62,10.4,19.4,28.5,23.5,1038.1,
12,T08,5/12/2020,7/3/2020,7/26/2020,-105.4011,40.0676,2519,7/13/2020,63,14.3,21.5,28.8,23.8,1061.9,
12,T08,5/12/2020,7/3/2020,7/26/2020,-105.4011,40.0676,2519,7/14/2020,64,13.3,21.4,29.4,24.4,1086.3,MeanDay betwen 2 collections. 1086.25 is Mean LastDay DD
12,T08,5/12/2020,7/3/2020,7/26/2020,-105.4011,40.0676,2519,7/15/2020,65,9.6,16.2,22.8,17.8,1104.1,
12,T08,5/12/2020,7/3/2020,7/26/2020,-105.4011,40.0676,2519,7/16/2020,66,9.7,15.9,22,17,1121.1,
12,T08,5/12/2020,7/3/2020,7/26/2020,-105.4011,40.0676,2519,7/17/2020,67,12.2,20.4,28.5,23.5,1144.6,
12,T08,5/12/2020,7/3/2020,7/26/2020,-105.4011,40.0676,2519,7/18/2020,68,14.8,21.3,27.8,22.8,1167.4,
12,T08,5/12/2020,7/3/2020,7/26/2020,-105.4011,40.0676,2519,7/19/2020,69,12.1,20.7,29.2,24.2,1191.6,
12,T08,5/12/2020,7/3/2020,7/26/2020,-105.4011,40.0676,2519,7/20/2020,70,12,19.5,27.1,22.1,1213.7,
12,T08,5/12/2020,7/3/2020,7/26/2020,-105.4011,40.0676,2519,7/21/2020,71,11.3,19.4,27.4,22.4,1236.1,
12,T08,5/12/2020,7/3/2020,7/26/2020,-105.4011,40.0676,2519,7/22/2020,72,9.8,18.1,26.3,21.3,1257.4,
12,T08,5/12/2020,7/3/2020,7/26/2020,-105.4011,40.0676,2519,7/23/2020,73,11.1,19.4,27.8,22.8,1280.2,
12,T08,5/12/2020,7/3/2020,7/26/2020,-105.4011,40.0676,2519,7/24/2020,74,13.1,19.9,26.8,21.8,1302,
12,T08,5/12/2020,7/3/2020,7/26/2020,-105.4011,40.0676,2519,7/25/2020,75,11.8,18.1,24.5,19.5,1321.5,
12,T08,5/12/2020,7/3/2020,7/26/2020,-105.4011,40.0676,2519,7/26/2020,76,11.6,16.2,20.8,15.8,1337.3,
13,T106,5/13/2020,7/27/2020,7/27/2020,-105.3628,40.0186,2143,5/13/2020,1,2.2,9.9,17.6,12.6,1,
13,T106,5/13/2020,7/27/2020,7/27/2020,-105.3628,40.0186,2143,5/14/2020,2,6.9,14.6,22.2,17.2,18.2,
13,T106,5/13/2020,7/27/2020,7/27/2020,-105.3628,40.0186,2143,5/15/2020,3,6.4,11.5,16.6,11.6,29.8,
13,T106,5/13/2020,7/27/2020,7/27/2020,-105.3628,40.0186,2143,5/16/2020,4,6.5,11.2,15.9,10.9,40.7,
13,T106,5/13/2020,7/27/2020,7/27/2020,-105.3628,40.0186,2143,5/17/2020,5,3.1,10.2,17.3,12.3,53,
13,T106,5/13/2020,7/27/2020,7/27/2020,-105.3628,40.0186,2143,5/18/2020,6,3.8,11.9,20,15,68,
13,T106,5/13/2020,7/27/2020,7/27/2020,-105.3628,40.0186,2143,5/19/2020,7,8.9,17.6,26.3,21.3,89.3,
13,T106,5/13/2020,7/27/2020,7/27/2020,-105.3628,40.0186,2143,5/20/2020,8,10.4,19.2,28,23,112.3,
13,T106,5/13/2020,7/27/2020,7/27/2020,-105.3628,40.0186,2143,5/21/2020,9,3.7,15.3,27,22,134.3,
13,T106,5/13/2020,7/27/2020,7/27/2020,-105.3628,40.0186,2143,5/22/2020,10,5,12.6,20.2,15.2,149.5,
13,T106,5/13/2020,7/27/2020,7/27/2020,-105.3628,40.0186,2143,5/23/2020,11,6.8,15.5,24.1,19.1,168.6,
13,T106,5/13/2020,7/27/2020,7/27/2020,-105.3628,40.0186,2143,5/24/2020,12,5.9,13,20,15,183.6,
13,T106,5/13/2020,7/27/2020,7/27/2020,-105.3628,40.0186,2143,5/25/2020,13,1.7,5.8,9.9,4.9,188.5,
13,T106,5/13/2020,7/27/2020,7/27/2020,-105.3628,40.0186,2143,5/26/2020,14,1.8,7.7,13.6,8.6,197.1,
13,T106,5/13/2020,7/27/2020,7/27/2020,-105.3628,40.0186,2143,5/27/2020,15,5.8,13.5,21.2,16.2,213.3,
13,T106,5/13/2020,7/27/2020,7/27/2020,-105.3628,40.0186,2143,5/28/2020,16,8.5,15.7,22.8,17.8,231.1,
13,T106,5/13/2020,7/27/2020,7/27/2020,-105.3628,40.0186,2143,5/29/2020,17,8.1,13.7,19.2,14.2,245.3,
13,T106,5/13/2020,7/27/2020,7/27/2020,-105.3628,40.0186,2143,5/30/2020,18,10,17.3,24.7,19.7,265,
13,T106,5/13/2020,7/27/2020,7/27/2020,-105.3628,40.0186,2143,5/31/2020,19,10.5,17.8,25,20,285,
13,T106,5/13/2020,7/27/2020,7/27/2020,-105.3628,40.0186,2143,6/1/2020,20,10.7,19,27.3,22.3,307.3,
13,T106,5/13/2020,7/27/2020,7/27/2020,-105.3628,40.0186,2143,6/2/2020,21,14.6,21.9,29.1,24.1,331.4,
13,T106,5/13/2020,7/27/2020,7/27/2020,-105.3628,40.0186,2143,6/3/2020,22,12.3,19.7,27.1,22.1,353.5,
13,T106,5/13/2020,7/27/2020,7/27/2020,-105.3628,40.0186,2143,6/4/2020,23,12.3,20.4,28.5,23.5,377,
13,T106,5/13/2020,7/27/2020,7/27/2020,-105.3628,40.0186,2143,6/5/2020,24,13.7,20.9,28.2,23.2,400.2,
13,T106,5/13/2020,7/27/2020,7/27/2020,-105.3628,40.0186,2143,6/6/2020,25,14.1,22.2,30.3,25.3,425.5,
13,T106,5/13/2020,7/27/2020,7/27/2020,-105.3628,40.0186,2143,6/7/2020,26,9.5,17.4,25.4,20.4,445.9,
13,T106,5/13/2020,7/27/2020,7/27/2020,-105.3628,40.0186,2143,6/8/2020,27,7.8,18.1,28.4,23.4,469.3,
13,T106,5/13/2020,7/27/2020,7/27/2020,-105.3628,40.0186,2143,6/9/2020,28,2.6,11.1,19.6,14.6,483.9,
13,T106,5/13/2020,7/27/2020,7/27/2020,-105.3628,40.0186,2143,6/10/2020,29,3.3,9.5,15.8,10.8,494.7,
13,T106,5/13/2020,7/27/2020,7/27/2020,-105.3628,40.0186,2143,6/11/2020,30,5.8,13.6,21.3,16.3,511,
13,T106,5/13/2020,7/27/2020,7/27/2020,-105.3628,40.0186,2143,6/12/2020,31,9.4,16.6,23.9,18.9,529.9,
13,T106,5/13/2020,7/27/2020,7/27/2020,-105.3628,40.0186,2143,6/13/2020,32,10.6,19.6,28.7,23.7,553.6,
13,T106,5/13/2020,7/27/2020,7/27/2020,-105.3628,40.0186,2143,6/14/2020,33,12.8,19.2,25.7,20.7,574.3,
13,T106,5/13/2020,7/27/2020,7/27/2020,-105.3628,40.0186,2143,6/15/2020,34,12.6,21.1,29.5,24.5,598.8,
13,T106,5/13/2020,7/27/2020,7/27/2020,-105.3628,40.0186,2143,6/16/2020,35,13.5,21.1,28.8,23.8,622.6,
13,T106,5/13/2020,7/27/2020,7/27/2020,-105.3628,40.0186,2143,6/17/2020,36,11.1,20.7,30.2,25.2,647.8,
13,T106,5/13/2020,7/27/2020,7/27/2020,-105.3628,40.0186,2143,6/18/2020,37,6.9,18.4,29.9,24.9,672.7,
13,T106,5/13/2020,7/27/2020,7/27/2020,-105.3628,40.0186,2143,6/19/2020,38,6.8,12,17.3,12.3,685,
13,T106,5/13/2020,7/27/2020,7/27/2020,-105.3628,40.0186,2143,6/20/2020,39,6.6,10.7,14.8,9.8,694.8,
13,T106,5/13/2020,7/27/2020,7/27/2020,-105.3628,40.0186,2143,6/21/2020,40,8.5,17.5,26.6,21.6,716.4,
13,T106,5/13/2020,7/27/2020,7/27/2020,-105.3628,40.0186,2143,6/22/2020,41,8.8,16,23.2,18.2,734.6,
13,T106,5/13/2020,7/27/2020,7/27/2020,-105.3628,40.0186,2143,6/23/2020,42,9.9,16.6,23.4,18.4,753,
13,T106,5/13/2020,7/27/2020,7/27/2020,-105.3628,40.0186,2143,6/24/2020,43,10,17.7,25.4,20.4,773.4,
13,T106,5/13/2020,7/27/2020,7/27/2020,-105.3628,40.0186,2143,6/25/2020,44,12.7,20.6,28.6,23.6,797,
13,T106,5/13/2020,7/27/2020,7/27/2020,-105.3628,40.0186,2143,6/26/2020,45,11.4,20.7,30,25,822,
13,T106,5/13/2020,7/27/2020,7/27/2020,-105.3628,40.0186,2143,6/27/2020,46,11.2,17.5,23.7,18.7,840.7,
13,T106,5/13/2020,7/27/2020,7/27/2020,-105.3628,40.0186,2143,6/28/2020,47,12.6,20.7,28.8,23.8,864.5,
13,T106,5/13/2020,7/27/2020,7/27/2020,-105.3628,40.0186,2143,6/29/2020,48,13.8,20.8,27.7,22.7,887.2,
13,T106,5/13/2020,7/27/2020,7/27/2020,-105.3628,40.0186,2143,6/30/2020,49,12.8,21.2,29.6,24.6,911.8,
13,T106,5/13/2020,7/27/2020,7/27/2020,-105.3628,40.0186,2143,7/1/2020,50,8.8,16.2,23.7,18.7,930.5,
13,T106,5/13/2020,7/27/2020,7/27/2020,-105.3628,40.0186,2143,7/2/2020,51,8.7,17.5,26.2,21.2,951.7,
13,T106,5/13/2020,7/27/2020,7/27/2020,-105.3628,40.0186,2143,7/3/2020,52,13.7,21.9,30,25,976.7,
13,T106,5/13/2020,7/27/2020,7/27/2020,-105.3628,40.0186,2143,7/4/2020,53,14.1,21.2,28.3,23.3,1000,
13,T106,5/13/2020,7/27/2020,7/27/2020,-105.3628,40.0186,2143,7/5/2020,54,12.3,20,27.8,22.8,1022.8,
13,T106,5/13/2020,7/27/2020,7/27/2020,-105.3628,40.0186,2143,7/6/2020,55,13.7,21.3,29,24,1046.8,
13,T106,5/13/2020,7/27/2020,7/27/2020,-105.3628,40.0186,2143,7/7/2020,56,16.2,23.6,31,26,1072.8,
13,T106,5/13/2020,7/27/2020,7/27/2020,-105.3628,40.0186,2143,7/8/2020,57,13.4,22.8,32.2,27.2,1100,
13,T106,5/13/2020,7/27/2020,7/27/2020,-105.3628,40.0186,2143,7/9/2020,58,14.7,23.3,31.9,26.9,1126.9,
13,T106,5/13/2020,7/27/2020,7/27/2020,-105.3628,40.0186,2143,7/10/2020,59,13.9,21.9,29.9,24.9,1151.8,
13,T106,5/13/2020,7/27/2020,7/27/2020,-105.3628,40.0186,2143,7/11/2020,60,13.4,23.9,34.4,29.4,1181.2,
13,T106,5/13/2020,7/27/2020,7/27/2020,-105.3628,40.0186,2143,7/12/2020,61,13.5,21.9,30.3,25.3,1206.5,
13,T106,5/13/2020,7/27/2020,7/27/2020,-105.3628,40.0186,2143,7/13/2020,62,18.5,25.3,32.1,27.1,1233.6,
13,T106,5/13/2020,7/27/2020,7/27/2020,-105.3628,40.0186,2143,7/14/2020,63,17,25,33,28,1261.6,
13,T106,5/13/2020,7/27/2020,7/27/2020,-105.3628,40.0186,2143,7/15/2020,64,12.4,17.5,22.6,17.6,1279.2,
13,T106,5/13/2020,7/27/2020,7/27/2020,-105.3628,40.0186,2143,7/16/2020,65,13.9,19,24,19,1298.2,
13,T106,5/13/2020,7/27/2020,7/27/2020,-105.3628,40.0186,2143,7/17/2020,66,16.2,24.5,32.7,27.7,1325.9,
13,T106,5/13/2020,7/27/2020,7/27/2020,-105.3628,40.0186,2143,7/18/2020,67,17.7,24.1,30.5,25.5,1351.4,
13,T106,5/13/2020,7/27/2020,7/27/2020,-105.3628,40.0186,2143,7/19/2020,68,13.8,23.5,33.1,28.1,1379.5,
13,T106,5/13/2020,7/27/2020,7/27/2020,-105.3628,40.0186,2143,7/20/2020,69,14.7,21.7,28.7,23.7,1403.2,
13,T106,5/13/2020,7/27/2020,7/27/2020,-105.3628,40.0186,2143,7/21/2020,70,13.3,21.5,29.7,24.7,1427.9,
13,T106,5/13/2020,7/27/2020,7/27/2020,-105.3628,40.0186,2143,7/22/2020,71,12.1,19.9,27.7,22.7,1450.6,
13,T106,5/13/2020,7/27/2020,7/27/2020,-105.3628,40.0186,2143,7/23/2020,72,13.6,22,30.5,25.5,1476.1,
13,T106,5/13/2020,7/27/2020,7/27/2020,-105.3628,40.0186,2143,7/24/2020,73,16,22.9,29.8,24.8,1500.9,
13,T106,5/13/2020,7/27/2020,7/27/2020,-105.3628,40.0186,2143,7/25/2020,74,14.6,21.8,29,24,1524.9,
13,T106,5/13/2020,7/27/2020,7/27/2020,-105.3628,40.0186,2143,7/26/2020,75,14.6,19.3,24,19,1543.9,
13,T106,5/13/2020,7/27/2020,7/27/2020,-105.3628,40.0186,2143,7/27/2020,76,12,17.7,23.4,18.4,1562.3,
14,T98,5/13/2020,7/27/2020,7/27/2020,-105.3214,39.9765,2213,5/13/2020,1,2.2,9.6,17,12,1,
14,T98,5/13/2020,7/27/2020,7/27/2020,-105.3214,39.9765,2213,5/14/2020,2,4.7,13.3,21.9,16.9,17.9,
14,T98,5/13/2020,7/27/2020,7/27/2020,-105.3214,39.9765,2213,5/15/2020,3,7.3,11.5,15.6,10.6,28.5,
14,T98,5/13/2020,7/27/2020,7/27/2020,-105.3214,39.9765,2213,5/16/2020,4,6.3,10.6,14.9,9.9,38.4,
14,T98,5/13/2020,7/27/2020,7/27/2020,-105.3214,39.9765,2213,5/17/2020,5,2,9.4,16.7,11.7,50.1,
14,T98,5/13/2020,7/27/2020,7/27/2020,-105.3214,39.9765,2213,5/18/2020,6,3.5,11.5,19.5,14.5,64.6,
14,T98,5/13/2020,7/27/2020,7/27/2020,-105.3214,39.9765,2213,5/19/2020,7,7.8,16.8,25.8,20.8,85.4,
14,T98,5/13/2020,7/27/2020,7/27/2020,-105.3214,39.9765,2213,5/20/2020,8,9,18.1,27.2,22.2,107.6,
14,T98,5/13/2020,7/27/2020,7/27/2020,-105.3214,39.9765,2213,5/21/2020,9,3.6,14.7,25.9,20.9,128.5,
14,T98,5/13/2020,7/27/2020,7/27/2020,-105.3214,39.9765,2213,5/22/2020,10,4.4,11.9,19.4,14.4,142.9,
14,T98,5/13/2020,7/27/2020,7/27/2020,-105.3214,39.9765,2213,5/23/2020,11,5.4,14.6,23.8,18.8,161.7,
14,T98,5/13/2020,7/27/2020,7/27/2020,-105.3214,39.9765,2213,5/24/2020,12,6.3,13.4,20.5,15.5,177.2,
14,T98,5/13/2020,7/27/2020,7/27/2020,-105.3214,39.9765,2213,5/25/2020,13,2.3,6,9.7,4.7,181.9,
14,T98,5/13/2020,7/27/2020,7/27/2020,-105.3214,39.9765,2213,5/26/2020,14,4.6,9,13.4,8.4,190.3,
14,T98,5/13/2020,7/27/2020,7/27/2020,-105.3214,39.9765,2213,5/27/2020,15,5.9,13.3,20.8,15.8,206.1,
14,T98,5/13/2020,7/27/2020,7/27/2020,-105.3214,39.9765,2213,5/28/2020,16,7.3,14.9,22.5,17.5,223.6,
14,T98,5/13/2020,7/27/2020,7/27/2020,-105.3214,39.9765,2213,5/29/2020,17,7.2,12.9,18.7,13.7,237.3,
14,T98,5/13/2020,7/27/2020,7/27/2020,-105.3214,39.9765,2213,5/30/2020,18,9.5,17.2,24.9,19.9,257.2,
14,T98,5/13/2020,7/27/2020,7/27/2020,-105.3214,39.9765,2213,5/31/2020,19,9.1,16.7,24.3,19.3,276.5,
14,T98,5/13/2020,7/27/2020,7/27/2020,-105.3214,39.9765,2213,6/1/2020,20,9.8,18.3,26.8,21.8,298.3,
14,T98,5/13/2020,7/27/2020,7/27/2020,-105.3214,39.9765,2213,6/2/2020,21,13.4,21,28.6,23.6,321.9,
14,T98,5/13/2020,7/27/2020,7/27/2020,-105.3214,39.9765,2213,6/3/2020,22,10.3,18.5,26.7,21.7,343.6,
14,T98,5/13/2020,7/27/2020,7/27/2020,-105.3214,39.9765,2213,6/4/2020,23,10.3,19.2,28.1,23.1,366.7,
14,T98,5/13/2020,7/27/2020,7/27/2020,-105.3214,39.9765,2213,6/5/2020,24,11.1,19.5,27.8,22.8,389.5,
14,T98,5/13/2020,7/27/2020,7/27/2020,-105.3214,39.9765,2213,6/6/2020,25,11.5,20.4,29.4,24.4,413.9,
14,T98,5/13/2020,7/27/2020,7/27/2020,-105.3214,39.9765,2213,6/7/2020,26,6.9,15.9,24.9,19.9,433.8,
14,T98,5/13/2020,7/27/2020,7/27/2020,-105.3214,39.9765,2213,6/8/2020,27,6.4,17.3,28.3,23.3,457.1,
14,T98,5/13/2020,7/27/2020,7/27/2020,-105.3214,39.9765,2213,6/9/2020,28,2.1,10.9,19.6,14.6,471.7,
14,T98,5/13/2020,7/27/2020,7/27/2020,-105.3214,39.9765,2213,6/10/2020,29,3.6,9.2,14.9,9.9,481.6,
14,T98,5/13/2020,7/27/2020,7/27/2020,-105.3214,39.9765,2213,6/11/2020,30,5.5,13.2,20.8,15.8,497.4,
14,T98,5/13/2020,7/27/2020,7/27/2020,-105.3214,39.9765,2213,6/12/2020,31,7.7,15.6,23.5,18.5,515.9,
14,T98,5/13/2020,7/27/2020,7/27/2020,-105.3214,39.9765,2213,6/13/2020,32,8,18,28.1,23.1,539,
14,T98,5/13/2020,7/27/2020,7/27/2020,-105.3214,39.9765,2213,6/14/2020,33,10.4,18.3,26.2,21.2,560.2,
14,T98,5/13/2020,7/27/2020,7/27/2020,-105.3214,39.9765,2213,6/15/2020,34,9.9,19.6,29.3,24.3,584.5,
14,T98,5/13/2020,7/27/2020,7/27/2020,-105.3214,39.9765,2213,6/16/2020,35,11.2,19.8,28.5,23.5,608,
14,T98,5/13/2020,7/27/2020,7/27/2020,-105.3214,39.9765,2213,6/17/2020,36,8.7,19.4,30,25,633,
14,T98,5/13/2020,7/27/2020,7/27/2020,-105.3214,39.9765,2213,6/18/2020,37,6,17.6,29.1,24.1,657.1,
14,T98,5/13/2020,7/27/2020,7/27/2020,-105.3214,39.9765,2213,6/19/2020,38,6.6,11.5,16.5,11.5,668.6,
14,T98,5/13/2020,7/27/2020,7/27/2020,-105.3214,39.9765,2213,6/20/2020,39,4.6,10,15.4,10.4,679,
14,T98,5/13/2020,7/27/2020,7/27/2020,-105.3214,39.9765,2213,6/21/2020,40,8.5,17.1,25.8,20.8,699.8,
14,T98,5/13/2020,7/27/2020,7/27/2020,-105.3214,39.9765,2213,6/22/2020,41,8.8,16.3,23.9,18.9,718.7,
14,T98,5/13/2020,7/27/2020,7/27/2020,-105.3214,39.9765,2213,6/23/2020,42,9.2,16.1,22.9,17.9,736.6,
14,T98,5/13/2020,7/27/2020,7/27/2020,-105.3214,39.9765,2213,6/24/2020,43,9.3,16.9,24.6,19.6,756.2,
14,T98,5/13/2020,7/27/2020,7/27/2020,-105.3214,39.9765,2213,6/25/2020,44,10,18.9,27.9,22.9,779.1,
14,T98,5/13/2020,7/27/2020,7/27/2020,-105.3214,39.9765,2213,6/26/2020,45,10,19.7,29.4,24.4,803.5,
14,T98,5/13/2020,7/27/2020,7/27/2020,-105.3214,39.9765,2213,6/27/2020,46,9.1,16.2,23.3,18.3,821.8,
14,T98,5/13/2020,7/27/2020,7/27/2020,-105.3214,39.9765,2213,6/28/2020,47,9.5,18.8,28.2,23.2,845,
14,T98,5/13/2020,7/27/2020,7/27/2020,-105.3214,39.9765,2213,6/29/2020,48,10.3,18.9,27.6,22.6,867.6,
14,T98,5/13/2020,7/27/2020,7/27/2020,-105.3214,39.9765,2213,6/30/2020,49,10.8,19.8,28.8,23.8,891.4,
14,T98,5/13/2020,7/27/2020,7/27/2020,-105.3214,39.9765,2213,7/1/2020,50,8.3,16,23.7,18.7,910.1,
14,T98,5/13/2020,7/27/2020,7/27/2020,-105.3214,39.9765,2213,7/2/2020,51,9.2,17.4,25.7,20.7,930.8,
14,T98,5/13/2020,7/27/2020,7/27/2020,-105.3214,39.9765,2213,7/3/2020,52,12.6,21.2,29.9,24.9,955.7,
14,T98,5/13/2020,7/27/2020,7/27/2020,-105.3214,39.9765,2213,7/4/2020,53,13.1,20.5,27.8,22.8,978.5,
14,T98,5/13/2020,7/27/2020,7/27/2020,-105.3214,39.9765,2213,7/5/2020,54,10.6,19,27.4,22.4,1000.9,
14,T98,5/13/2020,7/27/2020,7/27/2020,-105.3214,39.9765,2213,7/6/2020,55,11.9,20,28.1,23.1,1024,
14,T98,5/13/2020,7/27/2020,7/27/2020,-105.3214,39.9765,2213,7/7/2020,56,14.7,22.6,30.5,25.5,1049.5,
14,T98,5/13/2020,7/27/2020,7/27/2020,-105.3214,39.9765,2213,7/8/2020,57,9.6,20.6,31.6,26.6,1076.1,
14,T98,5/13/2020,7/27/2020,7/27/2020,-105.3214,39.9765,2213,7/9/2020,58,11.4,21.4,31.3,26.3,1102.4,
14,T98,5/13/2020,7/27/2020,7/27/2020,-105.3214,39.9765,2213,7/10/2020,59,11,20.1,29.1,24.1,1126.5,
14,T98,5/13/2020,7/27/2020,7/27/2020,-105.3214,39.9765,2213,7/11/2020,60,12.3,23,33.6,28.6,1155.1,
14,T98,5/13/2020,7/27/2020,7/27/2020,-105.3214,39.9765,2213,7/12/2020,61,12.9,21.3,29.7,24.7,1179.8,
14,T98,5/13/2020,7/27/2020,7/27/2020,-105.3214,39.9765,2213,7/13/2020,62,17,24.2,31.4,26.4,1206.2,
14,T98,5/13/2020,7/27/2020,7/27/2020,-105.3214,39.9765,2213,7/14/2020,63,15.7,24.1,32.5,27.5,1233.7,
14,T98,5/13/2020,7/27/2020,7/27/2020,-105.3214,39.9765,2213,7/15/2020,64,10.9,16.7,22.5,17.5,1251.2,
14,T98,5/13/2020,7/27/2020,7/27/2020,-105.3214,39.9765,2213,7/16/2020,65,11.7,17.6,23.6,18.6,1269.8,
14,T98,5/13/2020,7/27/2020,7/27/2020,-105.3214,39.9765,2213,7/17/2020,66,14.8,22.9,31,26,1295.8,
14,T98,5/13/2020,7/27/2020,7/27/2020,-105.3214,39.9765,2213,7/18/2020,67,16.3,23,29.8,24.8,1320.6,
14,T98,5/13/2020,7/27/2020,7/27/2020,-105.3214,39.9765,2213,7/19/2020,68,11.9,22.1,32.3,27.3,1347.9,
14,T98,5/13/2020,7/27/2020,7/27/2020,-105.3214,39.9765,2213,7/20/2020,69,12.5,21,29.5,24.5,1372.4,
14,T98,5/13/2020,7/27/2020,7/27/2020,-105.3214,39.9765,2213,7/21/2020,70,11.9,20.6,29.3,24.3,1396.7,
14,T98,5/13/2020,7/27/2020,7/27/2020,-105.3214,39.9765,2213,7/22/2020,71,10.7,18.8,27,22,1418.7,
14,T98,5/13/2020,7/27/2020,7/27/2020,-105.3214,39.9765,2213,7/23/2020,72,12.7,21.5,30.2,25.2,1443.9,
14,T98,5/13/2020,7/27/2020,7/27/2020,-105.3214,39.9765,2213,7/24/2020,73,16,22.5,29,24,1467.9,
14,T98,5/13/2020,7/27/2020,7/27/2020,-105.3214,39.9765,2213,7/25/2020,74,13,20.3,27.7,22.7,1490.6,
14,T98,5/13/2020,7/27/2020,7/27/2020,-105.3214,39.9765,2213,7/26/2020,75,12.9,18.5,24.1,19.1,1509.7,
14,T98,5/13/2020,7/27/2020,7/27/2020,-105.3214,39.9765,2213,7/27/2020,76,11.1,17.1,23.1,18.1,1527.8,
15,T99,5/12/2020,7/7/2020,7/26/2020,-105.3396,40.0448,2000,5/12/2020,1,-0.8,5.5,11.8,6.8,1,
15,T99,5/12/2020,7/7/2020,7/26/2020,-105.3396,40.0448,2000,5/13/2020,2,2.8,10.5,18.1,13.1,14.1,
15,T99,5/12/2020,7/7/2020,7/26/2020,-105.3396,40.0448,2000,5/14/2020,3,8.2,15.7,23.2,18.2,32.3,
15,T99,5/12/2020,7/7/2020,7/26/2020,-105.3396,40.0448,2000,5/15/2020,4,8,12.9,17.8,12.8,45.1,
15,T99,5/12/2020,7/7/2020,7/26/2020,-105.3396,40.0448,2000,5/16/2020,5,7.9,12.3,16.7,11.7,56.8,
15,T99,5/12/2020,7/7/2020,7/26/2020,-105.3396,40.0448,2000,5/17/2020,6,4.4,11.4,18.4,13.4,70.2,
15,T99,5/12/2020,7/7/2020,7/26/2020,-105.3396,40.0448,2000,5/18/2020,7,5.3,13,20.7,15.7,85.9,
15,T99,5/12/2020,7/7/2020,7/26/2020,-105.3396,40.0448,2000,5/19/2020,8,10.1,18.6,27.1,22.1,108,
15,T99,5/12/2020,7/7/2020,7/26/2020,-105.3396,40.0448,2000,5/20/2020,9,11.9,20.4,28.9,23.9,131.9,
15,T99,5/12/2020,7/7/2020,7/26/2020,-105.3396,40.0448,2000,5/21/2020,10,4.7,16.4,28.1,23.1,155,
15,T99,5/12/2020,7/7/2020,7/26/2020,-105.3396,40.0448,2000,5/22/2020,11,6.6,13.9,21.2,16.2,171.2,
15,T99,5/12/2020,7/7/2020,7/26/2020,-105.3396,40.0448,2000,5/23/2020,12,8.7,16.9,25.1,20.1,191.3,
15,T99,5/12/2020,7/7/2020,7/26/2020,-105.3396,40.0448,2000,5/24/2020,13,7.4,14.4,21.4,16.4,207.7,
15,T99,5/12/2020,7/7/2020,7/26/2020,-105.3396,40.0448,2000,5/25/2020,14,3.1,7,10.8,5.8,213.5,
15,T99,5/12/2020,7/7/2020,7/26/2020,-105.3396,40.0448,2000,5/26/2020,15,3.3,8.9,14.6,9.6,223.1,
15,T99,5/12/2020,7/7/2020,7/26/2020,-105.3396,40.0448,2000,5/27/2020,16,6.8,14.5,22.2,17.2,240.3,
15,T99,5/12/2020,7/7/2020,7/26/2020,-105.3396,40.0448,2000,5/28/2020,17,10,16.9,23.7,18.7,259,
15,T99,5/12/2020,7/7/2020,7/26/2020,-105.3396,40.0448,2000,5/29/2020,18,9.6,14.8,20.1,15.1,274.1,
15,T99,5/12/2020,7/7/2020,7/26/2020,-105.3396,40.0448,2000,5/30/2020,19,11.5,18.7,25.9,20.9,295,
15,T99,5/12/2020,7/7/2020,7/26/2020,-105.3396,40.0448,2000,5/31/2020,20,12,18.9,25.7,20.7,315.7,
15,T99,5/12/2020,7/7/2020,7/26/2020,-105.3396,40.0448,2000,6/1/2020,21,12.4,20.3,28.2,23.2,338.9,
15,T99,5/12/2020,7/7/2020,7/26/2020,-105.3396,40.0448,2000,6/2/2020,22,16.3,23.2,30.1,25.1,364,
15,T99,5/12/2020,7/7/2020,7/26/2020,-105.3396,40.0448,2000,6/3/2020,23,14.1,21.2,28.3,23.3,387.3,
15,T99,5/12/2020,7/7/2020,7/26/2020,-105.3396,40.0448,2000,6/4/2020,24,14.2,21.9,29.5,24.5,411.8,
15,T99,5/12/2020,7/7/2020,7/26/2020,-105.3396,40.0448,2000,6/5/2020,25,15.9,22.5,29,24,435.8,
15,T99,5/12/2020,7/7/2020,7/26/2020,-105.3396,40.0448,2000,6/6/2020,26,16.6,24,31.4,26.4,462.2,
15,T99,5/12/2020,7/7/2020,7/26/2020,-105.3396,40.0448,2000,6/7/2020,27,10.9,18.7,26.4,21.4,483.6,
15,T99,5/12/2020,7/7/2020,7/26/2020,-105.3396,40.0448,2000,6/8/2020,28,9.4,19.4,29.3,24.3,507.9,
15,T99,5/12/2020,7/7/2020,7/26/2020,-105.3396,40.0448,2000,6/9/2020,29,4,12.4,20.8,15.8,523.7,
15,T99,5/12/2020,7/7/2020,7/26/2020,-105.3396,40.0448,2000,6/10/2020,30,4.8,10.8,16.8,11.8,535.5,
15,T99,5/12/2020,7/7/2020,7/26/2020,-105.3396,40.0448,2000,6/11/2020,31,7.3,14.8,22.2,17.2,552.7,
15,T99,5/12/2020,7/7/2020,7/26/2020,-105.3396,40.0448,2000,6/12/2020,32,11.7,18.3,25,20,572.7,
15,T99,5/12/2020,7/7/2020,7/26/2020,-105.3396,40.0448,2000,6/13/2020,33,12.9,21.3,29.7,24.7,597.4,
15,T99,5/12/2020,7/7/2020,7/26/2020,-105.3396,40.0448,2000,6/14/2020,34,14.9,20.8,26.8,21.8,619.2,
15,T99,5/12/2020,7/7/2020,7/26/2020,-105.3396,40.0448,2000,6/15/2020,35,14.5,22.4,30.3,25.3,644.5,
15,T99,5/12/2020,7/7/2020,7/26/2020,-105.3396,40.0448,2000,6/16/2020,36,15.7,22.7,29.8,24.8,669.3,
15,T99,5/12/2020,7/7/2020,7/26/2020,-105.3396,40.0448,2000,6/17/2020,37,12.6,21.9,31.2,26.2,695.5,
15,T99,5/12/2020,7/7/2020,7/26/2020,-105.3396,40.0448,2000,6/18/2020,38,8.1,19.5,30.8,25.8,721.3,
15,T99,5/12/2020,7/7/2020,7/26/2020,-105.3396,40.0448,2000,6/19/2020,39,8.2,13.2,18.2,13.2,734.5,
15,T99,5/12/2020,7/7/2020,7/26/2020,-105.3396,40.0448,2000,6/20/2020,40,8.2,12,15.8,10.8,745.3,
15,T99,5/12/2020,7/7/2020,7/26/2020,-105.3396,40.0448,2000,6/21/2020,41,10.3,18.9,27.5,22.5,767.8,
15,T99,5/12/2020,7/7/2020,7/26/2020,-105.3396,40.0448,2000,6/22/2020,42,10.3,17.3,24.2,19.2,787,
15,T99,5/12/2020,7/7/2020,7/26/2020,-105.3396,40.0448,2000,6/23/2020,43,11.7,18,24.3,19.3,806.3,
15,T99,5/12/2020,7/7/2020,7/26/2020,-105.3396,40.0448,2000,6/24/2020,44,11.8,19.1,26.3,21.3,827.6,
15,T99,5/12/2020,7/7/2020,7/26/2020,-105.3396,40.0448,2000,6/25/2020,45,14.7,22.2,29.6,24.6,852.2,
15,T99,5/12/2020,7/7/2020,7/26/2020,-105.3396,40.0448,2000,6/26/2020,46,13.2,22,30.8,25.8,878,
15,T99,5/12/2020,7/7/2020,7/26/2020,-105.3396,40.0448,2000,6/27/2020,47,13.1,18.8,24.5,19.5,897.5,
15,T99,5/12/2020,7/7/2020,7/26/2020,-105.3396,40.0448,2000,6/28/2020,48,14.7,22.2,29.7,24.7,922.2,
15,T99,5/12/2020,7/7/2020,7/26/2020,-105.3396,40.0448,2000,6/29/2020,49,15.4,22.1,28.8,23.8,946,
15,T99,5/12/2020,7/7/2020,7/26/2020,-105.3396,40.0448,2000,6/30/2020,50,14.6,22.6,30.5,25.5,971.5,
15,T99,5/12/2020,7/7/2020,7/26/2020,-105.3396,40.0448,2000,7/1/2020,51,10.5,17.5,24.6,19.6,991.1,
15,T99,5/12/2020,7/7/2020,7/26/2020,-105.3396,40.0448,2000,7/2/2020,52,10.7,19,27.4,22.4,1013.5,
15,T99,5/12/2020,7/7/2020,7/26/2020,-105.3396,40.0448,2000,7/3/2020,53,15.7,23.4,31.2,26.2,1039.7,
15,T99,5/12/2020,7/7/2020,7/26/2020,-105.3396,40.0448,2000,7/4/2020,54,15.5,22.3,29.1,24.1,1063.8,
15,T99,5/12/2020,7/7/2020,7/26/2020,-105.3396,40.0448,2000,7/5/2020,55,13.7,21.2,28.8,23.8,1087.6,
15,T99,5/12/2020,7/7/2020,7/26/2020,-105.3396,40.0448,2000,7/6/2020,56,15.5,22.6,29.8,24.8,1112.4,
15,T99,5/12/2020,7/7/2020,7/26/2020,-105.3396,40.0448,2000,7/7/2020,57,18.1,25.1,32,27,1139.4,
